APOGEE_ID,PM_ID,_RAJ2000,_DEJ2000,rv,rv_e,pmRA,pmRA_e,pmDE,pmDE_e,teff,teff_e,vsini,vsini_e,veiling,Jmag,Jmag_e,Hmag,Hmag_e,Kmag,Kmag_e,Gaia
2M05350101-0524103,663,83.75420833,-5.40286111,31.46,0.19,0.16,0.07,-0.62,0.14,3825.01,12.53,38.23,0.92,0.56,11.479,0.026,10.614,0.042,10.289,0.028,3017363788445827968
2M05350117-0524067,,83.754875,-5.40186111,25.59,0.18,,,,,3979,6,5.4,1,0.51,11.375,0.059,10.6,0.075,10.301,0.071,3017363852865232896
2M05350160-0524101,655,83.75666667,-5.40280556,27.82,0.24,1.21,0.29,0.25,0.27,2908.02,9.21,35.18,0.88,0.36,13.001,0.03,12.394,0.041,11.999,0.032,3017363788453009792
2M05350284-0522082,140,83.76183333,-5.36894444,25.49,0.14,-0.96,0.15,-1.85,0.31,5100.45,1.56,27.43,0.36,0.58,12.035,0.027,10.306,0.032,9.232,0.021,3017365025403440896
2M05350309-0522378,190,83.762875,-5.37716667,29.98,1.67,-0.2,0.38,1.01,0.05,3057.64,30.73,15.65,0.39,0.39,11.987,0.022,11.002,0.031,10.565,0.021,3017364269489305472
2M05350370-0522457,189,83.76541667,-5.37936111,31.37,0.57,-0.13,0.48,-0.16,0.19,3138.91,23.35,12.69,0.5,0.5,13.622,0.02,12.267,0.029,11.642,0.018,3017364269489305344
2M05350437-0523138,11,83.76820833,-5.38716667,24.65,1.29,0.42,0.16,0.95,0.05,4107.19,63.65,17.67,1.21,1.04,11.199,0.025,10.285,0.033,9.82,0.023,3017363887225070336
2M05350450-0523565,,83.76875,-5.39902778,33.82,0.92,,,,,4591,7,27.77,1.63,0.85,11.329,0.023,10.193,0.032,9.536,0.023,3017363822812730112
2M05350461-0524424,657,83.76920833,-5.41177778,26.44,0.44,0.12,0.1,-0.86,0.08,3988.02,9.04,16.79,0.4,0.42,12.718,0.023,11.613,0.033,11.26,0.028,3017363582294577280
2M05350481-0522387,67,83.77004167,-5.37741667,26.95,1.16,0.63,0.01,1.26,0.11,3544.42,5.64,10.52,2.27,0.67,12.84,0.02,12.015,0.03,11.672,0.023,3017364269489201024
2M05350487-0520574,542,83.77029167,-5.34927778,29.34,0.57,0.25,0.15,-0.23,0.25,3733.67,7.92,11.91,0.53,0.62,13.34,0.034,12.034,0.037,11.424,0.023,3017365231561828480
2M05350495-0521092,3,83.770625,-5.35255556,29.75,0.41,-0.43,0.06,2.12,0.18,4119.19,13.19,13.71,1.44,0.59,13.67,0.043,12.103,0.036,11.403,0.024,3017365059755682432
2M05350513-0520244,564,83.771375,-5.34011111,26.75,0.28,-0.38,0.46,-0.42,0.18,4126.16,10.04,9.15,0.44,0.53,12.338,0.027,11.249,0.031,10.626,0.019,3017365231561559040
2M05350537-0524105,77,83.772375,-5.40291667,26.33,0.87,0.14,0.36,-0.19,0.08,4249.94,50.38,16.2,0.36,0.95,11.737,0.04,10.443,0.048,9.616,0.035,3017363822812730880
2M05350540-0524150,176,83.7725,-5.40416667,24.4,0.28,0.95,0.25,1.04,0.23,3686.05,23.07,4.84,1.85,1.51,13.178,0.039,11.929,0.06,11.195,0.039,3017363818505498240
2M05350563-0525195,,83.77345833,-5.42208333,28.83,0.52,,,,,4582,10,42.24,0.81,1.05,8.993,0.023,8.11,0.055,7.434,0.026,3017363582294583936
2M05350568-0525058,656,83.77366667,-5.41827778,27.17,0.29,-1.38,0.27,-0.16,0.11,4205.5,8.81,99,0.87,0.16,11.258,0.035,10.68,0.055,10.243,0.037,3017363582294579456
2M05350571-0523540,39,83.77379167,-5.39833333,23.77,0.22,-1.04,0.47,-0.84,0.05,3029.62,6.43,21.64,0.16,0.42,12.172,0.023,11.461,0.03,11.171,0.018,3017363818505597696
2M05350617-0522124,264,83.77570833,-5.37011111,29.26,0.24,-0.85,0.39,-0.75,0.16,3828.14,7.31,9.69,1.16,0.51,13.293,0.035,11.867,0.037,11.238,0.035,3017364299541935744
2M05350627-0522027,129,83.776125,-5.36741667,27.96,0.23,-0.32,0.24,0.11,0.34,4450.92,6.15,27.39,0.27,0.24,11.533,0.031,9.88,0.038,9.14,0.023,3017364303848915072
2M05350651-0524414,,83.777125,-5.4115,25.72,0.22,,,,,4269,7,21.56,0.07,0.24,11.488,0.021,10.665,0.032,10.455,0.018,3017363612347069440
2M05350727-0522266,131,83.78029167,-5.37405556,25.99,0.27,0.24,0.09,-0.66,0.78,3163.11,37.48,13.13,0.47,0.39,12.259,0.04,11.52,0.043,11.076,0.027,3017364303848916480
2M05350739-0525481,585,83.78079167,-5.43002778,25.8,0.3,-0.16,0.06,0.27,0.05,2814.95,17.31,9.62,0.98,0.41,13.002,0.021,12.308,0.03,11.817,0.018,3017363513575089664
2M05350773-0521014,629,83.78220833,-5.35038889,28.7,0.3,-0.56,0.16,-1.3,0.13,4326.53,15.17,24.86,0.97,1.14,14.412,0.058,12.143,0.04,10.624,0.026,
2M05350822-0524032,679,83.78425,-5.40088889,26.43,0.26,1.14,0.13,1.47,0.22,3168.52,7.79,6.48,1.3,0.76,13.313,0.021,12.302,0.03,11.886,0.018,3017363616654282752
2M05350829-0524348,17,83.78454167,-5.40966667,25.05,0.29,-0.57,0.46,0.12,0.01,3064.95,8.25,7.43,0.69,0.51,12.835,0.038,12.088,0.055,11.68,0.035,3017363616654297088
2M05350853-0524411,171,83.78554167,-5.41141667,31.54,1.53,-1.82,0.73,-0.07,0.18,3048.41,28.89,10.95,0.62,0.52,12.689,0.051,11.746,0.054,10.932,0.036,3017363616641707136
2M05350853-0525179,,83.78554167,-5.42163889,23.35,0.19,,,,,4016,8,5.69,0.5,0.51,12.194,0.021,11.164,0.03,10.699,0.018,3017363513575095680
2M05350859-0526194,,83.78579167,-5.43872222,26.43,0.43,,,,,2977,11,14.62,0.66,0.29,13.24,0.032,12.317,0.033,11.764,0.024,3017360558637610880
2M05350873-0522566,50,83.786375,-5.38238889,26.21,0.26,1.05,0.42,-1.26,0.26,4198.1,10.63,71.75,0.89,0.32,12.57,0.031,11.191,0.042,10.567,0.035,3017364230822465536
2M05350976-0521282,58,83.79066667,-5.35783333,27.32,0.4,-1.15,0.21,-2.57,0.29,4372.17,6.81,27.2,0.14,0.16,11.498,0.036,10.08,0.04,9.46,0.029,3017364406917802752
2M05350992-0521433,359,83.79133333,-5.36202778,28.57,0.71,-1.17,0.06,-0.23,0.48,4131.49,32.85,14.92,1.73,1.03,14.098,0.118,12.185,0.049,11.029,0.046,
2M05351014-0522326,46,83.79225,-5.37572222,28.82,0.27,-1.02,0.2,0.73,0.26,4021.55,10.76,24.02,1.33,0.64,12.168,0.053,11.311,0.052,10.876,0.052,3017364230822470784
2M05351021-0523215,169,83.79254167,-5.38930556,25.51,0.34,1.31,0.63,-0.86,0.43,4329.25,7.55,15.92,0.45,0.98,11.301,,9.755,0.036,8.96,0.019,3017363994611020288
2M05351029-0519563,550,83.792875,-5.33230556,26.54,0.32,-1.68,0.11,1.67,0.1,3449.75,9.32,24.33,0.54,0.54,12.965,0.02,11.882,0.029,11.42,0.018,3017366743390014720
2M05351031-0521130,519,83.79295833,-5.35361111,27.14,0.15,1.14,0.07,-0.36,0.12,4165.05,7.13,8.73,1.04,0.69,11.764,0.031,10.548,0.036,9.932,0.026,3017364406927357952
2M05351041-0519523,552,83.793375,-5.33119444,27.39,0.55,0.82,0.12,-1.53,0.17,3445.06,43.97,19.36,0.24,0.54,12.912,0.065,11.728,0.068,11.129,0.056,3017366743390012032
2M05351047-0526003,595,83.793625,-5.43341667,27.74,2.66,-0.59,0.35,-0.2,0.52,2722.45,220.03,19.91,1.37,0.04,13.059,0.043,12.243,0.07,11.739,0.039,3017360554330360064
2M05351050-0522455,6,83.79375,-5.37930556,24.86,0.29,0.14,0.46,-1.53,0.06,4125.77,7.78,44.03,0.13,0.36,10.491,0.047,9.813,0.064,9.425,0.058,3017364235129434624
2M05351050-0526183,,83.79375,-5.43841667,22.61,0.26,,,,,4504,8,23.52,0.23,0.5,9.701,0.026,8.827,0.033,8.258,0.027,3017360554330360320
2M05351053-0522166,262,83.793875,-5.37127778,27.55,0.28,-0.91,0.25,0.89,0.1,3728.33,8.85,23.61,0.36,0.66,13.211,0.046,11.58,0.057,10.784,0.07,
2M05351061-0522559,251,83.79420833,-5.38219444,26.01,1.01,-0.37,0.15,-0.24,0.1,4244.42,76.7,22.11,1.01,0.89,12.771,,11.492,0.076,10.224,0.051,
2M05351073-0526280,,83.79470833,-5.44111111,28.03,0.26,,,,,3804,9,18.25,0.47,0.64,12.921,0.041,12.169,0.051,11.771,0.036,3017360554330360832
2M05351083-0525569,594,83.795125,-5.43247222,27.93,0.96,0.58,0.3,2.74,0.45,2924.92,41.45,15.96,1.17,0.56,13.505,0.021,12.393,0.033,11.665,0.036,3017360554330361344
2M05351094-0524486,489,83.79558333,-5.4135,24.98,1.48,2.04,0.72,1.94,0.31,3716.95,51.72,28.31,0.28,0.9,11.439,0.026,10.24,0.034,9.493,0.024,3017363547934810112
2M05351149-0526023,,83.797875,-5.43397222,19.04,0.18,,,,,4370,6,42.42,1.6,0.16,9.978,0.026,9.062,0.037,8.738,0.028,3017360554330362752
2M05351163-0522515,75,83.79845833,-5.38097222,25.36,0.24,-0.04,0.79,-0.2,0.24,3054.1,16.36,11.06,1.01,0.99,11.658,,11.99,0.105,11.378,0.103,3017364235129285888
2M05351165-0524213,191,83.79854167,-5.40591667,25.25,0.14,0.34,0.13,-0.52,0.14,3029.6,7.19,12.41,0.51,0.86,12.909,,11.865,0.03,11.342,0.018,3017363921584723456
2M05351178-0521555,150,83.79908333,-5.36541667,26.84,1.28,-0.03,0.66,-0.3,0.94,2929.69,8.11,12.07,1.17,0.51,12.562,0.052,11.872,0.07,11.198,0.153,3017364338207717504
2M05351188-0521032,38,83.7995,-5.35088889,27.48,0.24,-0.25,0.15,0.33,0.52,4292.95,5.88,10.65,0.48,0.74,12.321,0.035,10.46,0.038,9.283,0.041,3017364441286745600
2M05351197-0522541,248,83.799875,-5.38169444,93.82,39.46,0.82,0.57,0,0.53,3781.89,82.67,255.27,23.13,7.21,11.489,,10.684,0.055,9.638,0.043,
2M05351227-0520452,526,83.801125,-5.34588889,28.05,1.13,1.26,0.34,0.46,0.36,3351.49,12.02,7.51,0.52,0.78,12.138,0.044,10.959,0.058,10.279,0.046,3017364436980913152
2M05351227-0523479,,83.801125,-5.39663889,27.37,0.23,,,,,4216,6,12.34,0.31,0.37,10.718,0.206,9.892,0.043,9.568,0.032,3017363990304314496
2M05351259-0523440,,83.80245833,-5.39555556,27.42,1.27,,,,,4445,8,41.44,0.64,0.45,9.841,0.026,9.086,0.038,8.648,0.024,3017364028971010432
2M05351269-0519353,,83.802875,-5.32647222,30.15,0.19,,,,,3713,13,7.39,0.87,0.58,13.47,0.041,12.105,0.029,11.5,0.018,3017366674670235264
2M05351277-0520349,56,83.80320833,-5.34302778,21.73,0.65,0.71,0.15,0.71,0.2,3054.25,12.07,13.47,0.89,1.08,13.585,0.078,12.32,0.065,11.618,0.086,3017364441286796544
2M05351304-0520302,554,83.80433333,-5.34172222,30.84,0.43,-1.3,0.19,1.12,0.31,4249.74,6.8,19.38,0.23,0.31,12.22,0.039,10.895,0.041,10.359,0.033,3017365918755641216
2M05351305-0521532,261,83.804375,-5.36477778,29.92,0.24,-1.65,0.05,-1.42,0.04,3825.16,14.48,9.99,1.21,1.4,13.634,0.192,12.196,0.122,11.126,0.107,
2M05351319-0524554,,83.80495833,-5.41538889,25.21,0.33,,,,,4296,9,26.69,0.38,0.95,10.398,0.028,9.041,0.037,8.123,0.023,3017363925891922688
2M05351330-0520189,109,83.80541667,-5.33858333,29.6,0.21,-0.02,0.26,1.56,2.06,4048.63,5.49,42.23,0.23,0.44,11.637,0.022,10.151,0.032,9.41,0.021,3017366674670532608
2M05351336-0522261,53,83.80566667,-5.37391667,25.87,1.45,2.45,0.36,1.29,0.33,3631.97,60.91,13.81,1.69,1.3,12.239,,11.926,0.029,10.391,,3017364333901704320
2M05351343-0521073,377,83.80595833,-5.35202778,30.99,0.22,0.88,0.05,-0.94,0.07,3814,12.61,3.85,1.61,1.27,13.641,0.066,12.009,0.052,10.987,0.043,
2M05351352-0522195,146,83.80633333,-5.37208333,31.09,0.54,-0.7,0.14,-1.02,0.32,4058.32,17.56,16.49,0.39,0.85,11.152,,10.582,0.099,8.414,,3017364338208367360
2M05351362-0519548,,83.80675,-5.33188889,30.67,1.39,,,,,4405,30,23.53,0.87,0.41,11.049,0.032,9.261,0.033,8.162,0.023,3017366674670274688
2M05351379-0519254,,83.80745833,-5.32372222,23.99,0.24,,,,,2838,7,15.29,0.92,0.37,13.138,0.038,12.41,0.042,12.096,0.041,3017366709029543808
2M05351397-0521233,117,83.80820833,-5.35647222,24.02,0.21,1.21,0.49,-0.58,0.23,4053.25,13.71,9.09,0.41,0.95,12.896,0.024,10.768,0.03,9.574,0.019,3017364441287199488
2M05351405-0519520,,83.80854167,-5.33111111,23.78,0.15,,,,,4267,7,12.32,0.28,0.68,11.444,0.03,10.644,0.04,10.154,0.036,3017366670363916928
2M05351405-0523383,507,83.80854167,-5.39397222,24.91,0.33,0.07,0.12,0.44,0.01,3921.76,8.73,60.27,0.44,0.35,10.713,,9.86,0.053,9.563,0.056,3017363960251335424
2M05351421-0520042,,83.80920833,-5.3345,26.68,0.3,,,,,4091,12,12.38,0.4,0.85,13.524,0.022,11.941,0.029,10.894,0.018,3017366674659583616
2M05351427-0524246,,83.80945833,-5.40683333,27.94,0.8,,,,,4285,20,50.89,0.46,0.41,10.458,0.035,9.489,0.03,9.087,0.018,3017363921584733312
2M05351439-0523335,521,83.80995833,-5.39263889,26.01,0.79,-0.11,0.23,-1.65,0.03,4130.95,25.34,27.82,0.55,0.66,10.42,,9.781,0.078,9.273,0.045,3017364028970884864
2M05351465-0523018,236,83.81104167,-5.38383333,30.78,0.31,1.17,0.69,-0.94,0.35,4038.46,12.69,14.62,0.46,0.78,11.769,,11.622,0.029,11.049,0.029,
2M05351471-0521063,319,83.81129167,-5.35175,29.72,0.85,-0.58,0.02,-0.82,0.05,4354.13,28.4,17.89,0.69,0.43,13.349,0.08,11.487,0.04,10.461,0.024,
2M05351498-0521598,567,83.81241667,-5.36661111,29.14,0.38,2.25,0.09,0.96,0.11,4417.59,8.65,21.56,0.06,0.25,10.753,0.077,10.068,0.029,9.873,0.018,3017364372568087808
2M05351554-0525140,,83.81475,-5.42055556,36.71,1.67,,,,,4277,9,95.71,0.6,0.21,10.02,0.033,9.047,0.038,8.732,0.033,3017360966647238272
2M05351561-0524030,37,83.81504167,-5.40083333,29.62,1.23,0.54,0.11,-1.8,0.02,4389.08,10.23,60.37,0.94,0.19,11.639,9.998,10.191,0.033,9.873,0.023,3017363960251436032
2M05351563-0522565,,83.815125,-5.38236111,30.29,1.22,,,,,4468,6,28.65,0.32,0.54,9.494,0.034,8.452,0.044,7.989,0.029,3017364127743288320
2M05351567-0525331,616,83.81529167,-5.42586111,25.57,0.48,0.09,0.2,-0.74,0.11,3951.44,9.34,22.09,0.74,1.38,11.547,0.064,10.552,0.048,9.734,0.039,3017360902234947328
2M05351571-0526283,,83.81545833,-5.44119444,25.79,1.34,,,,,3875,37,8.89,1.08,0.67,12.457,0.021,11.287,0.03,10.707,0.019,3017360524277847168
2M05351587-0522328,241,83.816125,-5.37577778,30.63,1.45,0.24,0.15,1.21,0.17,3022.39,39.1,8.83,1.63,1.35,13.127,,11.749,0.164,9.331,0.153,
2M05351606-0520363,517,83.81691667,-5.34341667,23.56,0.22,0.55,0.25,1.44,0.24,4163.85,8.74,16.04,1.49,0.83,10.905,0.034,9.931,0.037,9.401,0.026,3017365914449685888
2M05351609-0524112,173,83.81704167,-5.40311111,23.01,0.24,-1.73,0.13,-0.79,0.12,3463.66,13.22,33.2,0.69,0.9,11.489,,11.581,0.053,11.214,0.037,3017363960238504320
2M05351661-0519357,,83.81920833,-5.32658333,28.54,0.36,,,,,4098,11,19.85,0.33,0.94,12.296,0.026,10.849,0.031,9.998,0.023,3017366709030057600
2M05351671-0522309,175,83.819625,-5.37525,29.02,0.28,0.65,0.11,1.33,0.18,3659.32,26.94,11.82,1.24,1.99,11.129,,11.744,0.137,10.251,0.15,3017364132049324032
2M05351694-0525469,451,83.82058333,-5.42969444,29.4,0.37,0.31,0.04,-0.91,0.06,3660.92,13.75,54.77,1.18,0.95,12.278,0.057,11.524,0.064,11.134,0.047,3017360902223932544
2M05351697-0521452,,83.82070833,-5.36255556,47.39,3.56,,,,,6998,2,299.48,0.88,0.1,9.242,0.03,8.978,0.037,8.863,0.029,3017364372568073472
2M05351697-0523009,560,83.82070833,-5.38358333,33.28,0.3,0.78,0.13,1.15,0.04,4228.79,6.23,29.65,0.73,0.59,11.019,9.998,9.868,0.029,9.421,0.018,3017364063330453504
2M05351712-0524585,331,83.82133333,-5.41625,26.6,0.25,-0.8,0.29,-0.85,0.07,3023.52,7.83,15.66,0.29,0.39,12.167,0.077,11.576,0.054,11.087,0.068,3017360970943270912
2M05351722-0520277,529,83.82175,-5.34102778,24.01,1.76,-0.22,0.09,-0.27,0.12,3812.67,11.91,13.15,1.46,0.82,11.633,0.045,10.855,0.05,10.33,0.049,3017365918755884672
2M05351734-0522357,,83.82225,-5.37658333,28.46,2.12,,,,,4504,71,32.52,2.03,1,10.257,0.05,9.227,0.046,8.521,0.044,
2M05351736-0520149,505,83.82233333,-5.33747222,27.15,0.44,-0.71,0.16,-0.31,0.12,4078.6,11.35,7.13,0.85,0.64,12.558,0.035,11.407,0.037,10.96,0.032,3017365953115821568
2M05351736-0525446,619,83.82233333,-5.42905556,27.12,0.4,0.93,0.1,0.24,0.1,4098.05,10.5,8.37,1.64,0.47,11.116,,10.58,0.08,10.23,0.033,3017360897927766016
2M05351754-0525427,618,83.82308333,-5.42852778,24.34,0.25,-1,0.15,-0.39,0.17,4185.24,10.9,23.47,0.32,0.57,11.304,,10.914,0.041,10.078,0.064,3017360902234944000
2M05351778-0523155,183,83.82408333,-5.38763889,25.69,0.55,-1.61,0.17,0.6,0.38,4098.62,13.74,18.31,0.61,0.53,9.746,,9.649,0.021,9.615,9.998,3017364059023821696
2M05351794-0525061,440,83.82475,-5.41836111,31.16,19.24,-0.19,0.28,-1.11,0.43,2739.27,172.56,17.45,117.44,0.87,12.024,0.176,12.1,0.242,11.144,0.183,
2M05351794-0525338,453,83.82475,-5.42605556,26.73,0.5,0.5,0.04,1.11,2.8,3638.9,8.83,27.37,0.38,0.73,12.269,0.062,11.399,0.082,11.097,0.04,3017360902234838528
2M05351797-0526506,,83.824875,-5.44738889,25.16,0.32,,,,,2961,14,7.41,0.63,0.51,13.306,0.048,12.374,0.045,11.723,0.032,3017360318119414784
2M05351820-0524302,112,83.82583333,-5.40838889,25.21,1.62,0.79,0.19,2.27,0.12,2858.1,13.45,39.54,0.91,0.75,12.467,,12.253,0.085,11.819,0.061,3017361005314028800
2M05351836-0524267,88,83.8265,-5.40741667,25.5,0.26,-1,0.31,0.31,0.1,3120.85,10.14,2.44,1.38,0.9,12.684,,11.659,0.072,11.167,0.051,3017361005306706688
2M05351846-0524068,506,83.82691667,-5.40188889,27.13,0.21,-0.17,0.42,0.43,0.17,3849.71,9.16,19.76,0.22,0.84,11.925,,10.872,0.053,10.304,0.037,3017361001006985216
2M05351851-0520427,119,83.827125,-5.34519444,31.06,1.62,-1.7,0.12,0.6,0.22,3685.33,15.17,50.66,0.6,0.73,12.763,0.034,11.526,0.033,10.995,0.018,3017365850036797824
2M05351858-0526248,,83.82741667,-5.44022222,24.92,7.93,,,,,3832,102,3.11,28.24,1.36,14.613,0.056,12.449,0.033,11.209,0.018,
2M05351866-0523139,,83.82775,-5.38719444,31.91,0.28,,,,,5103,5,39.12,1.17,1.21,10.507,,9.201,0.036,7.635,0.02,3017364059023825280
2M05351884-0522229,20,83.8285,-5.37302778,23.73,0.91,0.14,0.2,-0.04,0.15,3721.33,235.56,15.83,7.06,1.58,12.121,,11.64,0.067,10.692,0.073,3017364162103041536
2M05351894-0520522,549,83.82891667,-5.34783333,24.41,0.15,1.72,0.29,-0.99,0.15,4035.02,13.79,11.85,1.22,2.06,12.848,0.02,11.439,0.029,10.624,0.024,3017365850036801024
2M05351906-0523495,148,83.82941667,-5.39708333,45.52,1.25,1.86,0.36,-1.37,1.24,4429.27,17.62,53.25,3.39,0.83,13.007,,11.201,0.03,10.311,0.018,3017361108392968064
2M05351913-0520387,,83.82970833,-5.34408333,37.94,8.57,,,,,6996,4,299.17,0.99,0.47,10.04,0.02,9.58,0.033,9.202,0.018,3017365880089961728
2M05351930-0520078,,83.83041667,-5.3355,32.9,1.78,,,,,6273,91,117.19,10.98,0.75,10.828,0.024,9.711,0.031,9.04,0.023,3017365953115811968
2M05351965-0524266,573,83.831875,-5.40738889,23.19,0.2,0.33,0.34,-0.29,0.09,3946.35,9.24,18.18,0.34,1.1,10.896,0.156,9.972,0.042,9.269,0.029,3017361001006988416
2M05352004-0521059,,83.8335,-5.35163889,37.13,0.21,,,,,4437,7,48.9,0.42,0.27,10.594,0.026,9.403,0.035,8.71,0.029,3017365850036800896
2M05352004-0525375,,83.8335,-5.42708333,26.74,0.66,,,,,4135,33,11.75,0.79,0.56,11.651,0.021,10.642,0.033,10.118,0.026,3017360902234822016
2M05352016-0526390,,83.834,-5.44416667,29.18,1.03,,,,,4422,8,53.5,1.09,0.15,10.213,0.023,9.444,0.032,9.193,0.019,3017360313812222720
2M05352017-0523085,441,83.83404167,-5.38569444,29.24,1.64,-2.14,0.69,-0.87,0.29,3867.8,12.47,40.21,1.46,0.95,13.314,,11.154,0.029,10.455,0.018,
2M05352054-0524208,104,83.83558333,-5.40577778,27.47,0.21,-0.58,0.2,-0.92,0.05,3572.29,50.85,7.87,1.48,1.64,12.688,,11.756,0.06,11.105,0.033,3017361108393218816
2M05352056-0520431,192,83.83566667,-5.34530556,29.39,1.53,-0.29,0.05,0.28,0.82,3498.69,252.68,17.07,1.19,0.55,12.547,0.022,11.331,0.029,10.77,0.033,3017365884396341888
2M05352067-0523531,72,83.836125,-5.39808333,25.7,0.2,0.09,0.12,0.31,0.05,2978.36,7.07,10.68,1.18,0.3,11.721,,11.041,0.059,10.588,0.041,3017361104086334976
2M05352076-0521550,,83.8365,-5.36527778,25.24,1.53,,,,,4288,14,10.22,0.71,0.58,11.415,0.08,10.388,0.075,9.667,0.061,3017365643870379008
2M05352082-0521216,34,83.83675,-5.356,32.46,0.26,0.7,2.17,0.83,0.91,4020.81,16.31,35.5,1.37,1.42,12.442,0.056,11.484,0.062,10.616,0.049,3017365643877590272
2M05352103-0522250,86,83.837625,-5.37361111,27.16,0.18,-1.02,0.09,1.41,0.72,3725.53,8.1,16.62,0.72,0.83,12.56,,11.939,0.075,11.099,0.075,3017364093383574784
2M05352104-0523490,,83.83766667,-5.39694444,31.25,0.23,,,,,4503,10,54.8,0.31,0.12,9.473,0.026,8.762,0.042,8.486,0.026,3017361108393637120
2M05352115-0525569,612,83.838125,-5.43247222,22.19,0.23,1.04,0.26,-0.11,0.16,4107.03,7.56,29.68,0.54,0.45,12.024,0.021,10.752,0.03,9.922,0.018,3017360696076379392
2M05352139-0526439,,83.839125,-5.44552778,26.03,0.21,,,,,4386,7,19.74,0.17,0.13,10.481,0.028,9.635,0.038,9.397,0.026,3017360627357038592
2M05352162-0526576,,83.84008333,-5.44933333,30.06,1.01,,,,,3061,9,72.25,0.95,0.33,12.844,0.024,12.089,0.03,11.781,0.018,3017360249399919616
2M05352166-0525264,,83.84025,-5.424,25.74,0.18,,,,,4209,12,12.44,1.36,0.59,11.776,0.021,10.887,0.034,10.504,0.018,3017360726129086848
2M05352172-0526443,617,83.8405,-5.44563889,26.49,0.63,1.05,0.06,1.38,0.03,3749.12,8.63,16.95,0.86,0.61,12.82,0.05,11.95,0.045,11.47,0.028,3017360627357037696
2M05352181-0523539,139,83.840875,-5.39830556,25.79,1.28,0.98,0.09,0.84,0.21,4535.92,8.94,48.97,0.5,0.14,10.358,0.037,9.708,0.038,9.382,0.029,3017361108392950016
2M05352184-0522082,89,83.841,-5.36894444,26.71,0.27,0.15,0.29,1.13,0.13,4067.68,11.01,23.87,0.5,0.44,12.641,0.034,11.652,0.029,11.248,0.018,3017365570852327936
2M05352208-0524327,145,83.842,-5.40908333,23.37,0.2,1.36,0.47,-1.32,0.33,3257.96,8.18,12.89,0.68,0.71,11.621,0.111,11.013,0.102,10.218,0.086,3017361039673740672
2M05352219-0526373,,83.84245833,-5.44369444,29.56,0.31,,,,,4246,7,34.67,0.1,0.13,11.444,0.021,10.493,0.032,10.194,0.018,3017360623049874176
2M05352226-0520292,,83.84275,-5.34144444,23.37,0.34,,,,,4526,6,13.41,0.83,0.08,10.869,0.024,10.262,0.03,10.107,0.019,3017365880089976064
2M05352244-0522010,558,83.8435,-5.36694444,22.86,0.29,0.03,0.09,-1.2,0.11,4467.55,7.58,19.88,1.08,0.36,11.84,0.034,10.699,0.048,10.054,0.035,3017365575158623360
2M05352246-0525451,652,83.84358333,-5.42919444,30.53,0.41,-2.23,0.31,-1.26,0.45,3544.14,12.54,14.72,0.88,0.91,12.781,0.087,11.906,0.092,11.219,0.066,3017360726129090176
2M05352274-0519478,,83.84475,-5.32994444,30.2,0.22,,,,,4292,12,31.28,0.39,0.46,14.449,0.086,12.294,0.065,11.023,0.041,
2M05352296-0522415,551,83.84566667,-5.37819444,28.32,1.53,-0.59,0.13,2.26,0.07,4477.92,8.26,66.41,0.82,0.07,12.523,0.022,10.997,0.029,10.31,0.032,3017364097690157952
2M05352317-0522283,623,83.84654167,-5.37452778,25.57,0.31,-0.28,0.19,-0.09,0.21,3933.29,12.09,3.56,1.35,1.1,14.465,0.03,12.132,0.029,10.898,0.03,3017365570852334336
2M05352321-0521357,535,83.84670833,-5.35991667,47.65,0.56,-1.26,0.21,-1.92,0.2,3132.12,14.43,53.83,1.35,1.11,13.171,0.034,12.204,0.029,11.756,0.018,3017365643877689728
2M05352332-0521254,556,83.84716667,-5.35705556,29.54,0.34,1.51,0.23,-0.34,0.22,4235.67,10.56,11.89,1.41,1.17,12.472,0.048,11.187,0.044,10.336,0.035,3017365678237816960
2M05352349-0520016,,83.847875,-5.33377778,26.49,1.78,,,,,4058,27,53.43,1.19,0.55,14.484,0.036,12.047,0.033,10.767,0.026,3017365983169196416
2M05352433-0522322,98,83.851375,-5.37561111,25.14,1.61,-1.58,0.25,0.12,0.08,4290.35,48.94,16,0.59,1.39,13.73,0.059,11.781,0.058,10.467,0.029,3017365570852340352
2M05352433-0526003,342,83.851375,-5.43341667,26.95,1.57,-0.65,0.36,-0.46,0.28,2822.52,9.19,31.32,3.75,0.22,13.13,0.026,12.434,0.037,12.027,0.028,3017360661716647552
2M05352443-0524398,508,83.85179167,-5.41105556,23.5,0.28,0.85,0.07,-1.81,0.17,4178.56,9.65,39.41,0.55,0.84,10.75,0.032,9.693,0.042,8.912,0.029,3017361035366738688
2M05352445-0524010,269,83.851875,-5.40027778,31.09,0.39,-0.97,0.24,2.31,0.04,2761.69,21.16,20.71,1.05,0.91,12.825,0.104,12.283,0.098,11.509,0.076,
2M05352445-0526314,,83.851875,-5.44205556,24.08,1.2,,,,,3260,197,19.86,0.92,0.69,11.853,0.021,10.838,0.03,10.218,0.019,3017360627356913280
2M05352465-0522425,194,83.85270833,-5.37847222,32.95,0.96,-0.26,0.12,-0.13,0.03,3737.85,46.02,2.23,2.43,0.61,13.418,0.02,11.635,0.029,10.913,0.018,3017362615914842368
2M05352469-0524357,177,83.852875,-5.40991667,24.77,0.34,0.18,0.65,1.11,0.32,4270.39,7.66,35.59,0.49,0.79,11.702,0.031,10.549,0.037,9.8,0.024,3017361035366739328
2M05352488-0525101,450,83.85366667,-5.41947222,25.83,1.74,-0.34,0.25,-0.39,0.2,2889.5,65.12,13.39,0.66,0.24,12.925,0.021,12.005,0.03,11.612,0.018,3017360833515309696
2M05352505-0522585,,83.854375,-5.38291667,29.88,0.21,,,,,4431,7,27.19,0.08,0.38,10.651,0.022,9.431,0.03,8.757,0.018,3017362620221405440
2M05352508-0523467,,83.8545,-5.39630556,31.86,0.29,,,,,4325,7,109.87,0.77,0.05,10.858,0.058,10.175,0.069,9.86,0.058,3017361074033139200
2M05352512-0522252,504,83.85466667,-5.37366667,25.85,0.97,-0.02,0.22,-0.32,0.28,3028.95,7.75,8.51,0.82,0.42,12.998,0.088,12.023,0.068,11.3,0.052,3017362615914843776
2M05352517-0523536,565,83.854875,-5.39822222,27.14,1.76,-0.1,0.21,0.56,0.15,3980.26,58.62,15.5,2.19,1.6,11.127,,12.583,0.2,9.765,,3017361074020765568
2M05352534-0525295,325,83.85558333,-5.42486111,30.22,0.24,-1.16,0.08,-1.66,0.38,2861.28,8.23,16.46,0.49,0.49,13.194,0.021,12.42,0.03,11.873,0.018,3017360730436517248
2M05352537-0524114,13,83.85570833,-5.40316667,27.17,1,-0.14,0.69,-0.42,0.08,4223.46,17.45,18.93,2.36,0.94,12.597,0.089,11.278,0.071,10.394,0.058,3017361069726478976
2M05352543-0521515,,83.85595833,-5.36430556,28.4,0.23,,,,,4188,9,29.41,0.72,0.47,11.929,0.044,10.769,0.043,10.094,0.039,3017365609517619968
2M05352547-0521349,91,83.856125,-5.35969444,31.67,0.25,0.3,0.15,-1.08,0.17,4379.39,7.24,16.07,0.31,0.17,11.817,0.027,10.599,0.037,10.108,0.03,3017365609518429440
2M05352571-0523094,111,83.857125,-5.38594444,26.37,0.31,-0.15,0.17,0.53,0.09,4349.06,5.53,17.91,0.2,0.43,11.896,0.02,10.641,0.029,9.896,0.018,3017362620221405824
2M05352600-0525477,436,83.85833333,-5.42991667,26.44,0.19,-0.02,0.08,-0.33,0.06,4151.75,5.88,16.04,0.25,0.49,11.563,0.029,10.419,0.036,9.83,0.021,3017360657409619328
2M05352605-0521210,,83.85854167,-5.35583333,31.2,0.19,,,,,4392,7,66.77,1.61,0.17,11.47,0.024,9.924,0.031,9.25,0.023,3017365609517617408
2M05352615-0522570,106,83.85895833,-5.3825,26.5,0.26,0.72,0.13,1.17,0.03,3812.07,8.28,12.48,0.58,0.68,13.141,0.061,11.599,0.074,10.832,0.064,3017362620221401856
2M05352618-0525203,350,83.85908333,-5.42230556,28.33,0.28,0.68,0.08,0.91,0.12,3519.43,47.07,25.72,0.63,0.85,13.281,0.021,12.353,0.032,12.043,0.024,3017360833507777920
2M05352634-0525401,,83.85975,-5.42780556,29.74,1.79,,,,,4616,10,104.47,1.27,0.2,9.59,0.024,9.023,0.034,8.652,0.023,3017360661716621696
2M05352696-0524005,182,83.86233333,-5.40013889,26.47,0.42,1.23,0.38,-0.27,0.02,3345.34,16.18,10.65,0.85,1.94,12.983,0.021,12.13,0.03,11.714,0.033,3017361069726480896
2M05352730-0523366,,83.86375,-5.3935,29.7,0.34,,,,,4284,8,30.96,0.15,0.46,11.122,0.021,9.989,0.03,9.35,0.019,3017361074033180928
2M05352813-0523064,120,83.86720833,-5.38511111,26.61,0.89,0.19,0.35,1.16,0.12,3670.84,9.54,58.01,1.07,0.54,12.742,0.02,11.048,0.029,10.04,0.018,3017362551501920640
2M05352838-0525033,,83.86825,-5.41758333,25.7,0.23,,,,,3910,11,11.07,0.38,0.46,11.399,0.031,10.573,0.038,10.249,0.03,3017360829208313728
2M05352958-0524568,,83.87325,-5.41577778,29.81,6.89,,,,,3906,19,14.25,1.47,0.84,11.831,0.024,11.07,0.033,10.765,0.021,3017360799155292416
2M05352985-0523555,,83.874375,-5.39875,26.93,0.18,,,,,3978,18,19.56,0.53,0.59,11.914,0.028,10.82,0.034,10.25,0.024,3017362345343294464
2M05352986-0523484,,83.87441667,-5.39677778,27.24,0.2,,,,,3873,12,14.21,0.38,0.94,12.385,0.028,11.397,0.04,10.818,0.024,3017362345334523648
2M05353048-0524230,,83.877,-5.40638889,33.13,0.36,,,,,4319,8,83.73,0.62,0.13,11.115,0.023,10.31,0.032,10.077,0.021,3017360863568054528
2M05353071-0524312,654,83.87795833,-5.40866667,28.3,1.35,-2.04,1.86,1.68,1.63,2879.93,20.03,19.93,0.42,0.25,12.911,0.023,12.164,0.032,11.833,0.026,3017360863568055040
2M05353074-0521466,548,83.87808333,-5.36294444,24.72,0.3,0.15,0.43,1.1,0.53,4033.18,43.25,8.04,1.48,0.58,13.978,0.04,12.347,0.05,11.611,0.045,3017362753353814272
2M05353099-0522013,538,83.879125,-5.36702778,34.11,2.61,-1.19,0.08,-1.41,0.36,4273.76,42.75,80.53,9.56,0.29,13.358,0.02,11.44,0.031,10.575,0.018,3017362757659330816
2M05353124-0523400,,83.88016667,-5.39444444,24.73,0.17,,,,,4288,5,12.28,0.15,0.29,11.693,0.029,10.783,0.034,10.381,0.024,3017362345343488128
