[HC2000],RAJ2000,DEJ2000,l_Kmag,Kmag,l_Hmag,Hmag,e_Kmag,e_Hmag
1,05 35 07.41,-05 25 48.2, ,11.834, ,12.402,0.001,0.004
2,05 35 10.63,-05 25 48.1, ,14.563, ,15.913,0.009,0.014
3,05 35 16.95,-05 25 47.1, ,11.255, ,11.705,0.002,0.004
4,05 35 15.56,-05 25 46.8, ,14.906, ,15.546,0.049,0.058
5,05 35 22.84,-05 25 47.6, ,11.576, ,12.049,0.001,0.003
6,05 35 26.02,-05 25 47.7, ,9.883, ,10.518,0.002,0.005
7,05 35 25.96,-05 25 47.6,>,10.54,>,11.146,0.001,0.004
8,05 35 10.52,-05 25 44.6, ,13.531, ,14.806,0.004,0.007
9,05 35 17.29,-05 25 45.2,>,12.56,>,12.393,0.002,0.003
10,05 35 17.37,-05 25 44.8, ,10.296, ,10.882,0.001,0.004
11,05 35 22.47,-05 25 45.2, ,11.476, ,12.294,0.001,0.003
12,05 35 17.55,-05 25 42.9, ,10.177, ,11.213,0.001,0.004
13,05 35 19.40,-05 25 42.4, ,9.854, ,12.586,0.001,0.004
14,05 35 17.71,-05 25 40.9, ,14.551, ,15.33,0.019,0.02
15,05 35 21.61,-05 25 40.6, ,15.36, ,16.168,0.026,0.026
16,05 35 26.16,-05 25 39.4, ,12.058, ,12.659,0.004,0.011
17,05 35 20.05,-05 25 37.7, ,10.124, ,10.804,0.001,0.003
18,05 35 23.03,-05 25 36.2, ,12.998, ,13.933,0.002,0.004
19,05 35 18.23,-05 25 35.2, ,12.369, ,12.824,0.002,0.005
20,05 35 21.35,-05 25 35.0, ,14.188, ,14.873,0.008,0.01
21,05 35 17.96,-05 25 34.1, ,11.023, ,11.526,0.002,0.003
22,05 35 20.90,-05 25 34.5, ,13.186, ,13.742,0.003,0.005
23,05 35 15.68,-05 25 33.3, ,9.925, ,10.569,0.001,0.003
24,05 35 11.16,-05 25 32.3, ,12.498, ,13.14,0.002,0.004
25,05 35 20.16,-05 25 33.9, ,13.898, ,14.465,0.004,0.007
26,05 35 10.08,-05 25 31.5, ,15.715, ,16.998,0.025,0.042
27,05 35 21.29,-05 25 33.1, ,16.303, ,17.204,0.049,0.069
28,05 35 26.43,-05 25 31.5, ,12.433, ,13.141,0.001,0.004
29,05 35 25.35,-05 25 29.5, ,11.743, ,12.369,0.001,0.004
30,05 35 21.83,-05 25 28.4, ,15.051, ,15.398,0.03,0.03
31,05 35 21.67,-05 25 26.5, ,10.558, ,10.887,0.001,0.003
32,05 35 23.60,-05 25 26.5, ,10.263, ,11.239,0.001,0.003
33,05 35 14.35,-05 25 22.5, ,15.285, ,17.402,0.035,0.1
34,05 35 20.03,-05 25 22.4, ,13.667, ,16.123,0.008,0.028
35,05 35 17.95,-05 25 21.3, ,11.114, ,11.639,0.003,0.003
36,05 35 14.07,-05 25 20.5, ,11.008, ,11.745,0.001,0.003
37,05 35 08.54,-05 25 18.1, ,11.022, ,11.265,0.001,0.002
38,05 35 18.45,-05 25 19.3, ,12.025, ,12.908,0.005,0.007
39,05 35 26.19,-05 25 20.4, ,12.01, ,12.487,0.001,0.003
40,05 35 16.59,-05 25 17.8, ,11.413, ,11.988,0.002,0.004
41,05 35 24.26,-05 25 18.7, ,9.991, ,10.484,0.001,0.003
42,05 35 14.35,-05 25 15.8, ,11.455, ,12.007,0.002,0.004
43,05 35 15.56,-05 25 14.2, ,9.041, ,9.173,0.001,0.003
44,05 35 11.73,-05 25 12.9, ,12.885, ,15.348,0.003,0.012
45,05 35 20.06,-05 25 14.3, ,11.528, ,12.349,0.003,0.005
46,05 35 15.67,-05 25 10.5, ,11.151, ,11.768,0.002,0.004
47,05 35 17.66,-05 25 10.7, ,12.264, ,13.071,0.004,0.007
48,05 35 25.54,-05 25 11.7, ,15.572, ,16.197,0.019,0.026
49,05 35 20.67,-05 25 10.8, ,12.16, ,12.631,0.003,0.005
50,05 35 16.37,-05 25 09.7, ,10.481, ,10.972,0.002,0.002
51,05 35 24.89,-05 25 10.2, ,11.634, ,12.097,0.001,0.002
52,05 35 23.99,-05 25 09.9, ,11.625, ,12.228,0.002,0.002
53,05 35 22.41,-05 25 09.5, ,11.177, ,11.429,0.002,0.002
54,05 35 19.63,-05 25 07.8, ,14.16, ,15.877,0.07,0.165
55,05 35 22.12,-05 25 07.6, ,14.103, ,14.667,0.017,0.023
56,05 35 17.94,-05 25 06.5, ,12.333, ,12.714,0.006,0.007
57,05 35 20.29,-05 25 05.6, ,14.119, ,14.325,0.02,0.012
58,05 35 22.73,-05 25 05.8, ,12.306, ,12.907,0.007,0.009
59,05 35 19.68,-05 25 05.2, ,16.286, ,16.464,0.211,0.135
60,05 35 06.55,-05 25 01.7, ,11.773, ,12.155,0.001,0.002
61,05 35 20.27,-05 25 04.1, ,11.035, ,12.27,0.003,0.005
62,05 35 10.03,-05 25 01.5, ,15.344, ,16.204,0.023,0.022
63,05 35 14.46,-05 25 02.2, ,11.163, ,11.47,0.002,0.003
64,05 35 07.06,-05 25 00.9, ,14.524, ,15.254,0.005,0.007
65,05 35 19.04,-05 25 03.0, ,12.31, ,12.583,0.011,0.008
66,05 35 18.33,-05 25 02.7, ,17.067, ,17.482,0.457,0.359
67,05 35 14.18,-05 25 00.7, ,15.066, ,17.225,0.026,0.105
68,05 35 23.15,-05 25 02.3, ,13.047, ,13.593,0.024,0.028
69,05 35 11.54,-05 25 00.0, ,13.358, ,15.355,0.004,0.012
70,05 35 25.67,-05 25 02.6, ,15.752, ,16.848,0.035,0.029
71,05 35 24.52,-05 25 01.5, ,11.438, ,11.994,0.002,0.002
72,05 35 12.25,-05 24 58.8, ,14.335, ,15.974,0.007,0.019
73,05 35 23.05,-05 25 00.2,>,10.708,>,10.719,0.009,0.012
74,05 35 12.95,-05 24 58.0, ,12.567, ,13.077,0.005,0.009
75,05 35 17.12,-05 24 58.7, ,11.243, ,11.583,0.003,0.002
76,05 35 26.40,-05 25 00.7,>,8.017,>,8.56,0.007,0.021
77,05 35 12.21,-05 24 56.5, ,10.751, ,12.61,0.001,0.003
78,05 35 16.20,-05 24 56.4, ,10.128, ,11.09,0.001,0.003
79,05 35 21.30,-05 24 57.4, ,9.83, ,9.989,0.002,0.003
80,05 35 13.21,-05 24 55.5, ,      , ,9.143,0.002,0.003
81,05 35 23.68,-05 24 57.4, ,11.277, ,11.636,0.002,0.003
82,05 35 22.89,-05 24 57.7, ,      , ,      ,0.024,0.125
83,05 35 25.22,-05 24 57.2, ,12.995, ,13.88,0.003,0.005
84,05 35 12.90,-05 24 54.4, ,13.206, ,14.903,0.016,0.041
85,05 35 07.71,-05 24 53.0, ,12.756, ,13.168,0.002,0.003
86,05 35 17.70,-05 24 54.1, ,11.341, ,11.727,0.002,0.003
87,05 35 13.13,-05 24 53.0, ,12.721, ,13.617,0.016,0.019
88,05 35 12.17,-05 24 52.2, ,15.094, ,19.998,0.059,2.274
89,05 35 23.54,-05 24 54.3, ,13.662, ,14.352,0.006,0.015
90,05 35 10.38,-05 24 51.6, ,13.013, ,13.873,0.004,0.003
91,05 35 21.99,-05 24 53.3, ,14.897, ,15.104,0.075,0.082
92,05 35 23.24,-05 24 52.9, ,13.85, ,13.972,0.028,0.055
93,05 35 10.95,-05 24 48.8, ,9.498, ,10.273,0.003,0.002
94,05 35 11.56,-05 24 48.2, ,11.851, ,13.19,0.003,0.004
95,05 35 12.12,-05 24 48.0, ,15.917, ,      ,0.031,
96,05 35 19.84,-05 24 48.0, ,11.14, ,11.624,0.002,0.003
97,05 35 20.63,-05 24 46.5, ,9.569, ,10.315,0.002,0.002
98,05 35 17.74,-05 24 43.8, ,12.162, ,12.677,0.006,0.006
99,05 35 06.53,-05 24 41.5, ,10.413, ,10.702,0.001,0.002
100,05 35 08.53,-05 24 41.7, ,11.692, ,12.228,0.003,0.004
101,05 35 24.70,-05 24 44.2, ,15.183, ,17.821,0.027,0.158
102,05 35 08.58,-05 24 40.4, ,11.412, ,12.71,0.002,0.005
103,05 35 19.66,-05 24 42.2, ,      , ,18.285,      ,0.273
104,05 35 17.82,-05 24 41.1, ,12.874, ,13.534,0.009,0.011
105,05 35 11.32,-05 24 38.3, ,12.835, ,16.403,0.004,0.022
106,05 35 12.49,-05 24 38.1, ,13.163, ,17.07,0.004,0.039
107,05 35 17.15,-05 24 39.0, ,13.246, ,14.196,0.01,0.013
108,05 35 18.33,-05 24 38.9, ,11.64, ,12.331,0.004,0.004
109,05 35 18.29,-05 24 38.9,>,11.568,>,12.321,0.004,0.004
110,05 35 24.44,-05 24 39.8, ,9.136, ,9.872,0.003,0.003
111,05 35 11.15,-05 24 36.5, ,15.385, ,16.424,0.042,0.04
112,05 35 16.39,-05 24 37.2, ,11.167, ,12.351,0.004,0.003
113,05 35 24.73,-05 24 38.5, ,16.266, ,16.248,0.359,0.234
114,05 35 25.03,-05 24 38.4, ,13.944, ,14.437,0.007,0.007
115,05 35 08.31,-05 24 35.0, ,11.67, ,12.033,0.002,0.002
116,05 35 06.53,-05 24 33.3, ,14.801, ,16.272,0.009,0.021
117,05 35 12.13,-05 24 33.9, ,12.71, ,13.658,0.005,0.006
118,05 35 17.13,-05 24 34.4, ,15.101, ,16.327,0.075,0.09
119,05 35 24.70,-05 24 35.7, ,9.869, ,10.604,0.002,0.003
120,05 35 16.82,-05 24 32.2, ,11.118, ,12.365,0.005,0.006
121,05 35 22.09,-05 24 32.8, ,10.593, ,11.135,0.002,0.003
122,05 35 15.90,-05 24 31.2, ,12.553, ,13.427,0.008,0.006
123,05 35 19.64,-05 24 31.6, ,14.614, ,15.547,0.026,0.022
124,05 35 17.82,-05 24 30.6, ,11.815, ,12.151,0.004,0.003
125,05 35 18.22,-05 24 30.3, ,12.189, ,12.527,0.003,0.002
126,05 35 16.63,-05 24 28.1, ,13.641, ,15.804,0.019,0.044
127,05 35 11.33,-05 24 26.6, ,14.547, ,15.514,0.012,0.013
128,05 35 12.70,-05 24 26.5, ,12.171, ,13.17,0.005,0.005
129,05 35 25.70,-05 24 28.6, ,15.739, ,16.869,0.08,0.124
130,05 35 13.88,-05 24 26.2, ,11.93, ,15.036,0.008,0.016
131,05 35 18.38,-05 24 26.8,>,11.217,>,11.73,0.004,0.003
132,05 35 13.61,-05 24 25.8, ,11.278, ,11.561,0.003,0.003
133,05 35 19.66,-05 24 26.6, ,9.156, ,9.912,0.002,0.002
134,05 35 13.93,-05 24 25.5,>,12.335,>,14.481,0.01,0.01
135,05 35 14.28,-05 24 24.7, ,9.131, ,9.543,0.003,0.003
136,05 35 21.98,-05 24 26.1, ,14.87, ,15.535,0.05,0.049
137,05 35 15.79,-05 24 24.7, ,11.559, ,12.207,0.006,0.005
138,05 35 17.27,-05 24 24.2, ,12.748, ,12.857,0.007,0.004
139,05 35 22.19,-05 24 24.9, ,9.411, ,9.816,0.002,0.002
140,05 35 11.65,-05 24 21.6, ,11.251, ,11.851,0.004,0.003
141,05 35 20.55,-05 24 20.9, ,11.153, ,11.778,0.003,0.003
142,05 35 22.12,-05 24 20.2, ,11.978, ,12.7,0.004,0.004
143,05 35 18.32,-05 24 19.0, ,14.998, ,15.63,0.025,0.025
144,05 35 10.31,-05 24 17.5, ,12.944, ,14.893,0.009,0.011
145,05 35 15.91,-05 24 17.9, ,12.932, ,13.724,0.017,0.014
146,05 35 10.55,-05 24 16.8, ,10.914, ,12.131,0.004,0.004
147,05 35 14.97,-05 24 17.2, ,13.728, ,14.94,0.045,0.043
148,05 35 11.27,-05 24 16.5, ,14.835, ,16.627,0.027,0.082
149,05 35 15.16,-05 24 17.1, ,16.065, ,      ,0.489,
150,05 35 17.48,-05 24 17.4, ,11.953, ,12.427,0.006,0.005
151,05 35 18.89,-05 24 17.5, ,11.689, ,12.233,0.004,0.003
152,05 35 23.81,-05 24 16.8, ,11.72, ,12.241,0.005,0.004
153,05 35 17.39,-05 24 13.9, ,11.932, ,12.36,0.004,0.003
154,05 35 14.93,-05 24 12.9,>,11.068,>,11.174,0.006,0.006
155,05 35 22.33,-05 24 14.2, ,9.667, ,10.251,0.002,0.002
156,05 35 22.43,-05 24 13.4, ,12.575, ,13.022,0.012,0.007
157,05 35 14.90,-05 24 11.8,>,10.971,>,11.408,0.008,0.005
158,05 35 15.77,-05 24 11.5, ,12.881, ,13.369,0.01,0.008
159,05 35 16.10,-05 24 11.5, ,11.375, ,11.731,0.006,0.006
160,05 35 21.33,-05 24 11.4, ,11.617, ,11.78,0.004,0.003
161,05 35 25.38,-05 24 11.4, ,10.378, ,11.078,0.003,0.002
162,05 35 17.58,-05 24 09.0, ,12.481, ,13.414,0.006,0.006
163,05 35 18.48,-05 24 07.0, ,10.478, ,10.967,0.003,0.002
164,05 35 23.26,-05 24 07.4, ,13.77, ,14.907,0.016,0.018
165,05 35 16.58,-05 24 06.1, ,10.646, ,11.042,0.006,0.006
166,05 35 08.23,-05 24 03.3, ,11.899, ,12.25,0.005,0.003
167,05 35 25.27,-05 24 06.5, ,15.021, ,16.038,0.033,0.044
168,05 35 18.34,-05 24 04.9, ,12.326, ,12.534,0.006,0.005
169,05 35 12.47,-05 24 03.7, ,14.071, ,16.349,0.032,0.126
170,05 35 16.77,-05 24 04.3, ,      , ,9.311,0.002,0.003
171,05 35 16.38,-05 24 03.4, ,      , ,9.159,0.004,0.003
172,05 35 15.62,-05 24 03.1, ,9.793, ,10.111,0.003,0.003
173,05 35 10.04,-05 24 02.0, ,12.303, ,13.249,0.004,0.004
174,05 35 18.04,-05 24 03.1, ,      , ,9.892,0.003,0.004
175,05 35 07.64,-05 24 00.8, ,11.839, ,12.019,0.005,0.002
176,05 35 19.93,-05 24 02.6, ,11.781, ,12.15,0.005,0.003
177,05 35 18.08,-05 24 01.2, ,10.326, ,11.001,0.005,0.005
178,05 35 13.55,-05 23 59.7, ,11.373, ,13.006,0.005,0.008
179,05 35 09.94,-05 23 59.0, ,16.443, ,16.727,0.091,0.038
180,05 35 17.39,-05 24 00.3, ,10.044, ,11.197,0.002,0.002
181,05 35 24.96,-05 24 01.5, ,10.953, ,11.692,0.004,0.004
182,05 35 16.96,-05 23 59.5, ,13.237, ,14.264,0.04,0.058
183,05 35 24.47,-05 24 01.1, ,11.805, ,12.695,0.006,0.004
184,05 35 21.20,-05 24 00.1, ,12.644, ,13.24,0.006,0.007
185,05 35 18.51,-05 23 57.8, ,13.407, ,14.221,0.013,0.014
186,05 35 09.69,-05 23 55.9, ,10.637, ,11.61,0.003,0.003
188,05 35 19.62,-05 23 57.3, ,11.594, ,11.797,0.004,0.003
189,05 35 14.53,-05 23 56.0, ,11.227, ,12.676,0.028,0.026
190,05 35 13.23,-05 23 55.5, ,14.251, ,15.887,0.039,0.083
191,05 35 18.68,-05 23 56.5, ,12.076, ,12.508,0.007,0.005
192,05 35 13.59,-05 23 55.3, ,10.242, ,13.125,0.012,0.022
193,05 35 14.53,-05 23 55.1,>,11.984,>,12.543,0.036,0.031
194,05 35 17.55,-05 23 55.1, ,14.059, ,15.683,0.029,0.07
195,05 35 15.04,-05 23 54.5, ,12.247, ,12.587,0.015,0.012
196,05 35 21.02,-05 23 55.7, ,12.026, ,12.432,0.004,0.003
197,05 35 21.89,-05 23 55.5, ,10.989, ,11.482,0.003,0.006
198,05 35 13.38,-05 23 53.2, ,12.151, ,13.046,0.005,0.007
199,05 35 13.32,-05 23 53.1,>,12.343,>,13.27,0.01,0.011
200,05 35 22.54,-05 23 54.8, ,15.493, ,16.03,0.03,0.029
201,05 35 24.45,-05 23 55.0, ,13.257, ,13.831,0.009,0.007
202,05 35 16.00,-05 23 53.0, ,9.002, ,9.807,0.007,0.006
203,05 35 11.48,-05 23 52.1, ,12.526, ,14.264,0.014,0.028
204,05 35 21.81,-05 23 53.9, ,9.372, ,9.783,0.003,0.003
205,05 35 11.73,-05 23 51.8, ,12.328, ,12.794,0.007,0.008
206,05 35 12.39,-05 23 51.7, ,12.18, ,13.898,0.008,0.015
207,05 35 20.68,-05 23 53.2, ,10.783, ,11.106,0.003,0.002
208,05 35 25.08,-05 23 53.8, ,10.525, ,11.078,0.004,0.004
209,05 35 14.57,-05 23 50.8, ,13.226, ,14.175,0.012,0.019
210,05 35 19.86,-05 23 51.6, ,14.676, ,15.388,0.025,0.018
211,05 35 15.25,-05 23 49.8, ,16.704, ,16.839,1.075,0.746
212,05 35 23.54,-05 23 51.0, ,14.22, ,14.921,0.027,0.024
213,05 35 15.95,-05 23 49.9, ,      , ,      ,0.008,0.007
214,05 35 19.07,-05 23 49.6, ,10.085, ,11.118,0.002,0.003
215,05 35 12.28,-05 23 48.1, ,9.72, ,10.027,0.003,0.003
216,05 35 23.15,-05 23 49.3, ,13.929, ,14.6,0.01,0.01
217,05 35 21.05,-05 23 49.0, ,      , ,      ,0.003,0.004
218,05 35 21.73,-05 23 48.4, ,12.962, ,13.379,0.008,0.011
219,05 35 15.16,-05 23 46.7, ,10.918, ,11.49,0.012,0.008
220,05 35 14.82,-05 23 46.5, ,11.514, ,11.864,0.005,0.004
221,05 35 18.21,-05 23 46.3, ,14.459, ,15.167,0.042,0.037
222,05 35 13.68,-05 23 45.4, ,13.882, ,15.739,0.032,0.089
223,05 35 15.44,-05 23 45.5, ,9.88, ,10.463,0.003,0.003
224,05 35 10.74,-05 23 44.7, ,      , ,      ,0.005,0.005
225,05 35 21.31,-05 23 46.0,>,10.875,>,11.536,0.004,0.005
226,05 35 25.09,-05 23 46.7, ,9.931, ,10.205,0.003,0.003
227,05 35 23.66,-05 23 46.4, ,10.962, ,11.365,0.003,0.004
228,05 35 12.60,-05 23 44.2, ,      , ,9.229,0.002,0.003
229,05 35 21.37,-05 23 45.4, ,10.278, ,10.904,0.003,0.004
230,05 35 17.79,-05 23 44.2, ,11.48, ,11.748,0.008,0.006
231,05 35 25.39,-05 23 45.8, ,12.852, ,13.315,0.01,0.011
232,05 35 26.50,-05 23 45.0, ,11.636, ,12.466,0.003,0.003
233,05 35 22.55,-05 23 43.7, ,10.186, ,10.603,0.002,0.003
234,05 35 17.77,-05 23 42.6, ,11.779, ,12.328,0.018,0.016
235,05 35 16.84,-05 23 42.3, ,13.247, ,14.546,0.021,0.033
236,05 35 15.70,-05 23 41.9, ,14.123, ,17.028,0.055,0.48
237,05 35 17.41,-05 23 41.8, ,13.444, ,13.743,0.047,0.028
238,05 35 11.72,-05 23 40.5, ,11.358, ,11.703,0.004,0.002
239,05 35 17.33,-05 23 41.4, ,12.145, ,12.949,0.005,0.006
240,05 35 13.45,-05 23 40.4, ,9.469, ,10.497,0.003,0.003
241,05 35 17.68,-05 23 41.0, ,11.664, ,12.217,0.005,0.004
242,05 35 13.80,-05 23 40.2, ,11.579, ,15.292,0.014,0.156
243,05 35 09.90,-05 23 38.5, ,12.139, ,12.622,0.003,0.003
244,05 35 17.06,-05 23 39.8, ,10.151, ,10.711,0.005,0.004
245,05 35 14.95,-05 23 39.3, ,9.517, ,9.818,0.003,0.003
246,05 35 15.68,-05 23 39.1, ,10.724, ,12.552,0.004,0.012
247,05 35 14.05,-05 23 38.5, ,9.732, ,9.93,0.003,0.003
248,05 35 15.76,-05 23 38.4, ,11.168, ,12.802,0.014,0.028
249,05 35 21.78,-05 23 39.3, ,10.907, ,11.395,0.002,0.003
250,05 35 15.90,-05 23 38.0, ,12.144, ,12.803,0.008,0.006
251,05 35 15.52,-05 23 37.5, ,11.093, ,12.097,0.006,0.006
252,05 35 16.98,-05 23 37.1, ,9.314, ,10.238,0.005,0.004
253,05 35 18.21,-05 23 35.9, ,      , ,      ,0.005,0.003
254,05 35 13.86,-05 23 35.0, ,14.526, ,15.655,0.083,0.094
255,05 35 21.67,-05 21 47.4,>,9.624,>,10.571,0.004,0.005
256,05 35 17.97,-05 23 35.5, ,11.438, ,11.719,0.006,0.006
257,05 35 11.73,-05 23 33.5, ,13.847, ,17.591,0.011,0.242
258,05 35 14.40,-05 23 33.7, ,9.386, ,9.858,0.002,0.004
259,05 35 17.07,-05 23 34.0, ,      , ,      ,0.006,0.004
260,05 35 10.69,-05 23 32.8, ,14.369, ,16.406,0.014,0.098
261,05 35 15.38,-05 23 33.4, ,11.137, ,11.424,0.004,0.007
262,05 35 23.81,-05 23 34.3, ,9.174, ,10.266,0.005,0.003
263,05 35 12.15,-05 23 32.0, ,15.333, ,17.226,0.046,0.112
264,05 35 21.18,-05 23 33.1, ,12.407, ,12.873,0.004,0.004
265,05 35 23.89,-05 23 33.3,>,10.925,>,12.063,0.008,0.007
266,05 35 13.53,-05 23 30.9, ,11.221, ,11.536,0.005,0.006
267,05 35 11.73,-05 23 30.5, ,12.6, ,14.306,0.013,0.029
268,05 35 25.43,-05 23 33.4, ,11.451, ,11.983,0.002,0.003
269,05 35 18.20,-05 23 31.5, ,12.451, ,13.032,0.007,0.007
270,05 35 23.66,-05 23 31.9, ,10.503, ,10.973,0.005,0.003
271,05 35 18.05,-05 23 30.8, ,12.804, ,13.59,0.011,0.013
272,05 35 20.50,-05 23 31.1, ,11.489, ,11.604,0.005,0.005
273,05 35 13.41,-05 23 29.3, ,14.106, ,15.888,0.049,0.123
274,05 35 15.56,-05 23 29.6, ,12.959, ,13.803,0.03,0.025
275,05 35 14.93,-05 23 29.1, ,10.191, ,10.863,0.003,0.004
276,05 35 14.66,-05 23 28.7, ,13.472, ,14.21,0.025,0.011
277,05 35 20.46,-05 23 29.7, ,9.125, ,9.848,0.003,0.004
278,05 35 18.50,-05 23 29.3, ,12.051, ,12.412,0.009,0.006
279,05 35 20.43,-05 23 29.7,>,9.29,>,10.061,0.003,0.002
280,05 35 16.66,-05 23 28.9, ,12.115, ,12.985,0.008,0.015
281,05 35 23.64,-05 23 29.9, ,13.684, ,14.924,0.014,0.012
282,05 35 18.88,-05 23 28.9, ,10.944, ,11.565,0.007,0.005
283,05 35 09.78,-05 23 27.0, ,9.599, ,9.729,0.003,0.002
284,05 35 16.77,-05 23 28.1, ,11.125, ,11.906,0.021,0.019
285,05 35 16.08,-05 23 27.9, ,13.112, ,13.694,0.01,0.024
286,05 35 10.94,-05 23 26.7, ,14.372, ,15.616,0.03,0.043
287,05 35 15.80,-05 23 26.6, ,9.817, ,10.847,0.004,0.009
288,05 35 19.12,-05 23 27.1, ,10.622, ,11.064,0.004,0.003
289,05 35 16.85,-05 23 26.2, ,10.999, ,11.449,0.033,0.02
290,05 35 08.62,-05 23 24.4, ,13.467, ,14.235,0.003,0.004
291,05 35 15.84,-05 23 25.6, ,10.395, ,11.064,0.01,0.01
292,05 35 16.35,-05 23 25.3,>,10.792,>,10.486,0.037,0.019
293,05 35 16.73,-05 23 25.2, ,9.142, ,9.309,0.007,0.008
294,05 35 21.63,-05 23 25.8, ,12.569, ,13.249,0.006,0.007
295,05 35 17.57,-05 23 24.9, ,10.501, ,11.787,0.01,0.008
296,05 35 16.07,-05 23 24.3, ,12.818, ,14.713,0.067,0.222
297,05 35 15.36,-05 23 24.1,>,13.084,>,13.08,0.053,0.029
298,05 35 15.07,-05 23 23.4, ,15.028, ,15.167,0.145,0.083
299,05 35 15.30,-05 23 23.2, ,12.533, ,12.702,0.016,0.009
300,05 35 14.40,-05 23 23.1, ,12.948, ,13.683,0.012,0.014
301,05 35 13.26,-05 23 22.8, ,15.377, ,16.553,0.05,0.092
302,05 35 14.72,-05 23 22.9, ,10.541, ,11.422,0.003,0.004
303,05 35 16.10,-05 23 23.2, ,12.844, ,      ,0.065,
304,05 35 15.97,-05 23 22.7, ,12.654, ,12.471,0.053,0.008
305,05 35 10.22,-05 23 21.6, ,      , ,9.697,0.003,0.003
306,05 35 15.84,-05 23 22.5, ,      , ,9.711,0.004,0.005
307,05 35 15.73,-05 23 22.5, ,9.259, ,10.045,0.005,0.004
308,05 35 20.52,-05 23 23.0, ,12.158, ,13.083,0.004,0.005
309,05 35 16.46,-05 23 23.0, ,      , ,      ,0.068,0.074
310,05 35 15.35,-05 23 21.4, ,15.832, ,17.06,0.365,0.716
311,05 35 18.97,-05 23 22.0, ,13.095, ,13.605,0.006,0.011
312,05 35 20.92,-05 23 21.8, ,11.794, ,12.245,0.002,0.004
313,05 35 17.47,-05 23 21.1, ,9.687, ,10.459,0.007,0.005
314,05 35 13.93,-05 23 20.2, ,12.111, ,12.534,0.009,0.011
315,05 35 17.16,-05 23 20.4, ,12.375, ,13.144,0.012,0.012
316,05 35 23.34,-05 23 20.8, ,15.181, ,16.175,0.03,0.034
317,05 35 16.24,-05 23 19.1, ,11.534, ,13.693,0.045,0.202
318,05 35 15.21,-05 23 18.9, ,11.639, ,12.265,0.009,0.009
319,05 35 23.72,-05 23 19.9, ,11.194, ,11.985,0.004,0.004
320,05 35 10.27,-05 23 16.4, ,11.519, ,12.683,0.003,0.005
321,05 35 06.44,-05 23 15.3, ,12.286, ,12.695,0.004,0.003
322,05 35 16.29,-05 23 16.6, ,9.435, ,9.982,0.004,0.004
323,05 35 16.76,-05 23 16.4, ,9.198, ,9.838,0.007,0.005
324,05 35 14.84,-05 23 16.0, ,11.899, ,12.06,0.012,0.007
325,05 35 16.63,-05 23 16.1, ,10.816, ,11.772,0.013,0.018
326,05 35 21.25,-05 23 16.8, ,13.084, ,14.141,0.007,0.011
327,05 35 15.54,-05 23 15.8, ,12.663, ,13.329,0.046,0.027
328,05 35 21.51,-05 23 16.7, ,10.785, ,11.323,0.003,0.003
329,05 35 11.09,-05 23 14.7, ,13.021, ,14.693,0.006,0.01
330,05 35 17.24,-05 23 16.6, ,      , ,      ,0.027,0.034
331,05 35 18.25,-05 23 15.7, ,10.563, ,11.536,0.003,0.006
332,05 35 17.82,-05 23 15.6, ,9.87, ,10.169,0.004,0.004
333,05 35 17.74,-05 23 14.9, ,11.619, ,12.294,0.014,0.008
334,05 35 15.00,-05 23 14.3, ,14.269, ,15.469,0.032,0.133
335,05 35 16.11,-05 23 14.3, ,11.271, ,11.761,0.013,0.017
336,05 35 15.81,-05 23 14.3, ,      , ,      ,0.024,0.036
337,05 35 18.67,-05 23 14.0, ,      , ,      ,0.006,0.004
338,05 35 24.03,-05 23 13.9, ,11.665, ,12.531,0.004,0.003
339,05 35 22.80,-05 23 13.4, ,9.593, ,10.726,0.003,0.002
340,05 35 15.81,-05 23 12.0,>,10.015,>,10.481,0.055,0.041
341,05 35 16.41,-05 23 11.5, ,      , ,      ,      ,
342,05 35 15.85,-05 23 11.0,>,10.204,>,9.486,0.109,0.036
343,05 35 21.80,-05 23 10.7, ,10.612, ,11.119,0.002,0.003
344,05 35 15.77,-05 23 09.9, ,      , ,      ,0.011,0.012
345,05 35 14.32,-05 23 08.3, ,10.392, ,11.311,0.005,0.004
346,05 35 20.18,-05 23 08.5, ,10.478, ,11.061,0.004,0.003
347,05 35 25.72,-05 23 09.4, ,10.015, ,10.535,0.002,0.003
348,05 35 18.28,-05 23 07.5, ,11.828, ,12.321,0.004,0.006
349,05 35 16.87,-05 23 07.1, ,13.189, ,13.304,0.014,0.007
350,05 35 16.06,-05 23 07.3, ,      , ,      ,0.011,0.007
351,05 35 19.07,-05 23 07.5, ,12.805, ,14.314,0.013,0.029
352,05 35 18.88,-05 23 07.2, ,13.132, ,14.816,0.01,0.018
353,05 35 08.44,-05 23 05.0, ,12.656, ,13.312,0.005,0.005
354,05 35 16.11,-05 23 06.8, ,      , ,      ,0.02,0.032
355,05 35 21.89,-05 23 07.2,>,12.351,>,12.883,0.01,0.007
356,05 35 19.38,-05 23 06.5, ,12.912, ,14.023,0.007,0.011
357,05 35 19.11,-05 23 06.3, ,13.075, ,13.696,0.014,0.021
358,05 35 21.85,-05 23 06.5, ,11.535, ,12.42,0.004,0.004
359,05 35 15.18,-05 23 05.0, ,15.522, ,      ,0.144,
360,05 35 13.53,-05 23 04.5, ,12.336, ,12.799,0.012,0.01
361,05 35 14.29,-05 23 04.3, ,13.296, ,15.161,0.021,0.041
362,05 35 17.38,-05 23 04.9, ,12.447, ,12.839,0.013,0.012
363,05 35 10.65,-05 23 03.4, ,11.505, ,12.942,0.003,0.006
364,05 35 14.54,-05 23 03.7, ,12.797, ,13.543,0.023,0.03
365,05 35 20.13,-05 23 04.5, ,15.405, ,16.339,0.023,0.036
366,05 35 19.63,-05 23 03.6, ,12.682, ,13.768,0.005,0.008
367,05 35 17.87,-05 23 03.1, ,10.829, ,11.758,0.004,0.003
368,05 35 12.58,-05 23 02.0, ,11.068, ,11.954,0.006,0.006
369,05 35 14.67,-05 23 01.9, ,11.116, ,11.487,0.005,0.007
370,05 35 15.88,-05 23 02.0, ,9.831, ,10.32,0.006,0.005
371,05 35 14.15,-05 23 01.1, ,12.161, ,13.344,0.012,0.014
372,05 35 18.08,-05 23 01.8, ,14.477, ,15.089,0.063,0.051
373,05 35 15.04,-05 23 01.1, ,14.068, ,14.613,0.029,0.041
374,05 35 10.39,-05 22 59.8, ,13.029, ,15.908,0.006,0.041
375,05 35 16.98,-05 23 01.0, ,9.342, ,9.756,0.004,0.003
376,05 35 22.50,-05 23 02.0, ,13.378, ,14.401,0.01,0.007
377,05 35 26.41,-05 23 02.4, ,11.693, ,12.287,0.005,0.004
378,05 35 15.60,-05 22 58.9, ,11.77, ,11.96,0.008,0.007
379,05 35 23.92,-05 23 00.5, ,13.715, ,14.415,0.009,0.008
380,05 35 13.29,-05 22 57.9, ,12.767, ,12.641,0.014,0.01
381,05 35 21.25,-05 22 59.5, ,11.058, ,11.544,0.003,0.003
382,05 35 08.74,-05 22 56.7, ,10.63, ,11.204,0.002,0.003
383,05 35 17.84,-05 22 58.2, ,14.358, ,15.242,0.05,0.068
384,05 35 18.53,-05 22 58.1, ,13.335, ,14.355,0.023,0.036
385,05 35 10.62,-05 22 56.1, ,10.232, ,11.615,0.004,0.005
386,05 35 15.27,-05 22 56.7, ,9.189, ,9.504,0.011,0.006
387,05 35 25.06,-05 22 58.6, ,      , ,9.454,0.004,0.003
388,05 35 17.56,-05 22 56.8, ,9.096, ,9.598,0.004,0.003
389,05 35 15.64,-05 22 56.4, ,      , ,      ,0.007,0.005
390,05 35 16.49,-05 22 56.5, ,12.041, ,13.294,0.009,0.016
391,05 35 14.39,-05 22 55.7, ,11.808, ,12.339,0.011,0.007
392,05 35 10.73,-05 22 54.5, ,12.675, ,14.368,0.01,0.024
393,05 35 16.14,-05 22 55.2, ,11.862, ,12.857,0.016,0.014
394,05 35 26.16,-05 22 57.1, ,11.225, ,11.829,0.004,0.004
395,05 35 11.98,-05 22 54.2, ,9.83, ,10.842,0.004,0.005
396,05 35 20.63,-05 22 55.7, ,11.932, ,13.169,0.005,0.004
397,05 35 16.91,-05 22 55.1, ,12.705, ,13.691,0.011,0.013
398,05 35 15.20,-05 22 54.4, ,      , ,9.365,0.007,0.005
399,05 35 14.37,-05 22 54.1, ,10.043, ,11.255,0.007,0.006
400,05 35 08.24,-05 22 52.8, ,15.157, ,15.777,0.017,0.015
401,05 35 16.08,-05 22 54.1, ,11.214, ,13.159,0.01,0.021
402,05 35 13.09,-05 22 53.2, ,13.129, ,13.602,0.018,0.012
403,05 35 21.02,-05 22 54.3, ,15.148, ,15.988,0.036,0.04
404,05 35 11.63,-05 22 51.7, ,11.944, ,12.223,0.008,0.006
405,05 35 17.66,-05 22 51.7, ,11.965, ,12.701,0.011,0.01
406,05 35 17.49,-05 22 51.4, ,11.973, ,12.822,0.014,0.016
407,05 35 24.60,-05 22 52.0, ,14.514, ,15.958,0.008,0.011
408,05 35 19.22,-05 22 50.7, ,10.521, ,10.86,0.003,0.004
409,05 35 19.04,-05 22 50.7, ,14.392, ,15.359,0.023,0.028
410,05 35 17.12,-05 22 50.1, ,11.181, ,11.2,0.006,0.006
411,05 35 14.70,-05 22 49.4, ,10.892, ,12.265,0.008,0.006
412,05 35 16.34,-05 22 49.1, ,10.473, ,10.964,0.007,0.004
413,05 35 15.49,-05 22 48.6, ,9.831, ,10.204,0.006,0.003
414,05 35 16.98,-05 22 48.5, ,11.939, ,12.163,0.011,0.008
415,05 35 11.04,-05 22 46.7, ,11.14, ,12.334,0.006,0.009
416,05 35 10.90,-05 22 46.4, ,10.668, ,11.897,0.006,0.005
417,05 35 10.49,-05 22 45.8, ,9.778, ,9.925,0.005,0.006
418,05 35 18.08,-05 22 47.1,>,12.155,>,12.027,0.013,0.009
419,05 35 15.55,-05 22 46.4, ,12.94, ,17.284,0.042,0.635
420,05 35 15.84,-05 22 45.9, ,10.678, ,10.804,0.01,0.004
421,05 35 10.58,-05 22 44.8, ,10.443, ,11.074,0.007,0.01
422,05 35 17.38,-05 22 45.8, ,12.483, ,13.959,0.011,0.023
423,05 35 18.36,-05 24 26.9,>,11.219,>,11.759,0.003,0.002
424,05 35 20.64,-05 22 45.6, ,11.163, ,12.017,0.005,0.003
425,05 35 17.95,-05 22 45.5, ,      , ,      ,0.006,0.006
426,05 35 10.85,-05 22 40.8, ,13.093, ,13.722,0.007,0.007
427,05 35 24.66,-05 22 42.6, ,10.853, ,11.717,0.003,0.004
428,05 35 22.97,-05 22 41.6, ,10.306, ,11.123,0.003,0.005
429,05 35 20.64,-05 22 41.2, ,15.108, ,15.887,0.046,0.033
430,05 35 18.40,-05 22 40.0, ,12.649, ,13.277,0.007,0.011
431,05 35 14.92,-05 22 39.1, ,      , ,9.273,0.005,0.004
432,05 35 21.83,-05 22 40.3, ,12.038, ,12.754,0.006,0.004
433,05 35 08.11,-05 22 37.5, ,15.579, ,16.698,0.024,0.037
434,05 35 11.20,-05 22 37.8, ,10.042, ,12.644,0.003,0.004
435,05 35 16.20,-05 22 37.5, ,11.046, ,11.646,0.006,0.004
436,05 35 18.38,-05 22 37.5, ,      , ,      ,0.003,0.004
437,05 35 15.21,-05 22 36.7, ,10.971, ,13.552,0.004,0.016
438,05 35 14.09,-05 22 36.6, ,9.837, ,10.243,0.016,0.004
439,05 35 14.37,-05 22 36.1, ,11.657, ,12.943,0.015,0.006
440,05 35 17.36,-05 22 35.8, ,      , ,9.552,0.003,0.003
441,05 35 16.91,-05 22 35.2, ,13.008, ,14.208,0.028,0.022
442,05 35 16.50,-05 22 35.2, ,10.638, ,11.182,0.006,0.003
443,05 35 14.66,-05 22 33.8, ,9.195, ,9.536,0.005,0.003
444,05 35 19.14,-05 22 34.6, ,12.878, ,13.48,0.012,0.006
445,05 35 10.14,-05 22 32.7, ,10.927, ,11.401,0.003,0.004
446,05 35 19.68,-05 22 34.2, ,14.326, ,15.492,0.066,0.023
447,05 35 15.89,-05 22 33.2, ,11.419, ,12.376,0.03,0.006
448,05 35 14.36,-05 22 32.8, ,      , ,11.466,0.004,0.005
449,05 35 22.13,-05 22 34.1, ,10.95, ,11.704,0.003,0.004
450,05 35 17.01,-05 22 33.1, ,9.674, ,9.994,0.003,0.003
451,05 35 13.97,-05 22 31.9, ,10.835, ,12.743,0.032,0.014
452,05 35 19.98,-05 22 32.8, ,13.297, ,13.999,0.006,0.005
453,05 35 14.87,-05 22 31.7, ,11.1, ,11.583,0.006,0.005
454,05 35 08.42,-05 22 30.3, ,12.064, ,12.78,0.002,0.003
455,05 35 08.93,-05 22 30.0, ,15.84, ,16.65,0.019,0.018
456,05 35 15.04,-05 22 31.2, ,11.969, ,12.448,0.037,0.008
457,05 35 16.74,-05 22 31.3, ,11.528, ,12.08,0.008,0.003
458,05 35 14.31,-05 22 30.7, ,11.542, ,16.177,0.023,0.097
459,05 35 07.39,-05 22 29.0, ,12.34, ,12.801,0.003,0.005
460,05 35 24.35,-05 22 32.4, ,10.383, ,11.892,0.003,0.005
461,05 35 20.72,-05 22 31.5, ,11.513, ,12.179,0.003,0.003
462,05 35 17.76,-05 22 31.0, ,10.907, ,12.211,0.005,0.004
463,05 35 18.58,-05 22 31.0, ,12.929, ,13.952,0.032,0.023
464,05 35 14.73,-05 22 29.8, ,10.506, ,13.779,0.008,0.031
465,05 35 14.73,-05 22 29.8, ,10.506, ,13.78,0.008,0.031
466,05 35 10.45,-05 22 27.3, ,15.242, ,17.069,0.036,0.062
467,05 35 07.28,-05 22 26.6, ,11.171, ,11.694,0.002,0.004
468,05 35 20.16,-05 22 28.4, ,11.88, ,12.798,0.005,0.006
469,05 35 17.58,-05 22 27.8, ,14.743, ,15.635,0.06,0.043
470,05 35 23.19,-05 22 28.4, ,10.836, ,12.139,0.002,0.004
471,05 35 13.37,-05 22 26.2, ,11.55, ,12.27,0.011,0.005
472,05 35 22.84,-05 22 27.0, ,11.924, ,12.812,0.005,0.006
473,05 35 10.99,-05 22 24.8, ,11.33, ,11.918,0.006,0.005
474,05 35 20.03,-05 22 26.5, ,12.06, ,12.822,0.005,0.004
475,05 35 15.38,-05 22 25.4, ,9.995, ,10.821,0.009,0.005
476,05 35 15.35,-05 22 25.2,>,10.053,>,11.038,0.013,0.008
477,05 35 21.04,-05 22 25.3, ,11.443, ,12.346,0.005,0.006
478,05 35 15.21,-05 22 24.1, ,10.34, ,10.797,0.009,0.004
479,05 35 16.31,-05 22 24.0, ,12.004, ,13.282,0.033,0.021
480,05 35 26.46,-05 22 25.8, ,11.994, ,13.129,0.003,0.004
481,05 35 25.14,-05 22 25.2, ,11.315, ,12.203,0.002,0.004
482,05 35 18.85,-05 22 23.1, ,11.202, ,12.29,0.004,0.005
483,05 35 13.75,-05 22 22.0, ,9.587, ,10.328,0.007,0.004
484,05 35 16.90,-05 22 22.5, ,9.515, ,9.884,0.003,0.004
485,05 35 16.38,-05 22 22.3,>,12.893,>,13.23,0.067,0.01
486,05 35 21.02,-05 22 22.9, ,12.506, ,13.303,0.009,0.006
487,05 35 13.18,-05 22 21.2, ,10.336, ,11.382,0.01,0.005
488,05 35 16.32,-05 22 21.6, ,11.602, ,12.538,0.021,0.008
489,05 35 10.71,-05 22 20.3, ,13.112, ,15.001,0.011,0.014
490,05 35 15.95,-05 22 21.1, ,9.851, ,10.949,0.004,0.003
491,05 35 19.47,-05 22 21.8, ,12.303, ,12.839,0.011,0.012
492,05 35 19.83,-05 22 21.7, ,10.201, ,11.358,0.003,0.004
493,05 35 17.34,-05 22 21.2, ,13.413, ,15.686,0.016,0.037
494,05 35 16.94,-05 22 20.7, ,11.992, ,12.645,0.008,0.008
495,05 35 13.52,-05 22 19.6, ,10.321, ,10.927,0.007,0.005
496,05 35 17.83,-05 22 19.6, ,14.162, ,15.978,0.017,0.026
497,05 35 07.04,-05 22 16.9, ,16.618, ,17.492,0.03,0.039
498,05 35 18.96,-05 22 18.8, ,9.966, ,10.742,0.002,0.003
499,05 35 13.78,-05 22 17.4, ,11.003, ,13.125,0.012,0.013
500,05 35 10.54,-05 22 16.6, ,10.953, ,11.72,0.002,0.003
501,05 35 18.03,-05 22 18.2, ,15.069, ,16.36,0.067,0.041
502,05 35 26.24,-05 22 19.5, ,14.86, ,17.92,0.058,0.284
503,05 35 22.25,-05 22 17.4, ,12.261, ,12.964,0.003,0.003
504,05 35 15.35,-05 22 15.6, ,      , ,9.208,0.002,0.003
505,05 35 13.05,-05 22 15.2, ,10.993, ,11.443,0.005,0.003
506,05 35 24.12,-05 22 16.4, ,14.064, ,15.377,0.007,0.011
507,05 35 21.30,-05 22 15.7, ,12.493, ,13.154,0.006,0.005
508,05 35 06.18,-05 22 12.4, ,11.143, ,      ,0.006,0.02
509,05 35 06.35,-05 22 11.6, ,15.326, ,15.938,0.015,0.022
510,05 35 20.40,-05 22 13.7, ,9.693, ,10.138,0.002,0.003
511,05 35 16.12,-05 22 12.5, ,11.776, ,12.577,0.004,0.007
512,05 35 22.16,-05 22 13.5, ,13.655, ,14.105,0.009,0.009
513,05 35 17.62,-05 22 12.6, ,12.8, ,14.504,0.011,0.02
514,05 35 16.43,-05 22 12.2, ,13.545, ,15.322,0.025,0.033
515,05 35 11.21,-05 22 10.8, ,15.878, ,17.791,0.083,0.167
516,05 35 21.64,-05 22 12.7, ,14.382, ,16.237,0.048,0.119
517,05 35 17.13,-05 22 11.9, ,14.405, ,15.652,0.042,0.059
518,05 35 16.78,-05 22 11.7, ,15.085, ,17.185,0.13,0.391
519,05 35 23.69,-05 22 12.8, ,11.903, ,12.734,0.002,0.002
520,05 35 16.18,-05 22 11.3, ,13.118, ,13.853,0.026,0.038
521,05 35 06.89,-05 22 09.3, ,13.138, ,13.49,0.003,0.004
522,05 35 16.29,-05 22 10.4, ,10.43, ,11.716,0.004,0.009
523,05 35 13.25,-05 22 09.9, ,12.835, ,15.872,0.029,0.044
524,05 35 16.94,-05 22 09.9, ,13.201, ,13.977,0.015,0.005
525,05 35 13.83,-05 22 09.1, ,11.828, ,12.623,0.024,0.018
526,05 35 06.45,-05 22 07.6, ,12.245, ,12.721,0.002,0.003
527,05 35 17.66,-05 22 07.9, ,12.195, ,12.732,0.005,0.004
528,05 35 21.86,-05 22 08.4, ,11.208, ,11.617,0.002,0.002
529,05 35 10.88,-05 22 06.0, ,16.172, ,18.249,0.068,0.114
530,05 35 14.53,-05 22 06.6, ,11.895, ,12.233,0.007,0.003
531,05 35 19.90,-05 22 07.3, ,13.526, ,14.855,0.009,0.015
532,05 35 21.39,-05 22 07.4, ,12.335, ,13.489,0.004,0.012
533,05 35 18.24,-05 22 06.3, ,12.163, ,13.868,0.006,0.012
534,05 35 07.24,-05 22 03.9, ,14.415, ,15.737,0.005,0.012
535,05 35 18.03,-05 22 05.5, ,9.661, ,10.516,0.002,0.002
536,05 35 11.94,-05 22 04.1, ,14.071, ,15.489,0.073,0.053
537,05 35 14.31,-05 22 04.4, ,12.252, ,13.444,0.013,0.008
538,05 35 06.28,-05 22 02.7, ,9.22, ,9.918,0.001,0.003
539,05 35 11.72,-05 22 03.1, ,14.189, ,17.136,0.021,0.173
540,05 35 17.40,-05 22 03.7, ,12.39, ,15.249,0.007,0.032
541,05 35 13.81,-05 22 02.8, ,11.479, ,12.43,0.017,0.009
542,05 35 17.88,-05 22 03.0, ,10.631, ,12.756,0.004,0.008
543,05 35 18.76,-05 22 02.2, ,10.27, ,10.707,0.002,0.002
544,05 35 13.03,-05 22 01.0, ,12.297, ,12.428,0.026,0.007
545,05 35 14.63,-05 22 01.0, ,12.837, ,13.328,0.02,0.008
546,05 35 15.00,-05 22 00.0, ,9.841, ,10.027,0.003,0.003
547,05 35 25.86,-05 22 01.9, ,13.601, ,14.643,0.006,0.007
548,05 35 13.81,-05 21 59.6, ,      , ,9.44,0.006,0.004
549,05 35 22.46,-05 22 01.2, ,10.169, ,10.858,0.003,0.003
550,05 35 17.55,-05 22 00.3, ,13.27, ,15.874,0.013,0.037
551,05 35 21.23,-05 22 00.3, ,10.524, ,11.274,0.002,0.003
552,05 35 13.98,-05 21 58.0, ,11.084, ,12.476,0.014,0.01
553,05 35 10.27,-05 21 57.2, ,12.312, ,13.003,0.005,0.006
554,05 35 10.59,-05 21 56.3, ,9.914, ,10.465,0.002,0.004
555,05 35 11.79,-05 21 55.6, ,11.576, ,12.035,0.003,0.004
556,05 35 22.76,-05 21 57.7, ,12.849, ,13.924,0.009,0.01
557,05 35 24.84,-05 21 57.8, ,12.962, ,13.838,0.006,0.007
558,05 35 15.27,-05 21 55.7, ,10.812, ,12.04,0.002,0.005
559,05 35 11.37,-05 21 54.0, ,14.404, ,14.445,0.013,0.02
560,05 35 20.77,-05 21 55.2, ,10.192, ,10.719,0.003,0.004
561,05 35 24.13,-05 21 55.7, ,12.061, ,12.652,0.004,0.007
562,05 35 13.06,-05 21 53.2, ,11.384, ,12.476,0.007,0.006
563,05 35 17.62,-05 21 53.9, ,11.062, ,12.06,0.003,0.005
564,05 35 19.97,-05 21 54.0, ,11.562, ,13.416,0.003,0.006
565,05 35 16.01,-05 21 53.1, ,14.996, ,15.8,0.03,0.03
566,05 35 17.90,-05 21 53.4, ,11.885, ,14.317,0.005,0.016
567,05 35 16.65,-05 21 52.7, ,15.889, ,      ,0.037,
568,05 35 25.56,-05 21 54.0, ,15.004, ,15.321,0.047,0.034
569,05 35 11.93,-05 21 50.1, ,13.101, ,14.823,0.009,0.02
570,05 35 10.47,-05 21 49.6, ,15.316, ,18.874,0.056,0.517
571,05 35 16.39,-05 21 50.6, ,12.478, ,12.957,0.006,0.008
572,05 35 13.33,-05 21 49.9, ,13.639, ,15.702,0.049,0.039
573,05 35 11.81,-05 21 49.3, ,9.633, ,11.917,0.002,0.004
574,05 35 20.93,-05 21 50.9, ,10.06, ,10.764,0.002,0.005
575,05 35 14.69,-05 21 49.5, ,12.875, ,14.564,0.024,0.025
576,05 35 10.82,-05 21 48.9, ,13.622, ,17.776,0.006,0.122
577,05 35 25.44,-05 21 51.5,>,10.051, ,      ,0.002,0.009
578,05 35 18.54,-05 21 50.1, ,12.466, ,14.425,0.005,0.01
579,05 35 09.53,-05 21 48.1, ,13.395, ,14.536,0.003,0.006
580,05 35 19.55,-05 21 49.2, ,11.879, ,13.856,0.003,0.007
581,05 35 15.02,-05 21 47.4, ,12.603, ,13.439,0.006,0.008
582,05 35 10.97,-05 21 46.4, ,12.834, ,15.762,0.006,0.025
583,05 35 18.60,-05 21 47.7, ,14.623, ,16.784,0.037,0.099
584,05 35 16.01,-05 21 47.0, ,11.452, ,11.918,0.002,0.004
585,05 35 21.68,-05 21 47.2,>,9.611, ,      ,0.004,0.006
586,05 35 17.56,-05 21 45.6, ,9.038, ,10.069,0.002,0.003
587,05 35 16.98,-05 21 45.4, ,      , ,9.148,0.002,0.004
588,05 35 09.93,-05 21 43.4, ,10.85, ,12.225,0.002,0.005
589,05 35 18.38,-05 21 44.2, ,11.957, ,12.885,0.005,0.007
590,05 35 20.73,-05 21 44.4, ,      , ,      ,0.005,0.009
591,05 35 19.16,-05 21 43.7, ,12.151, ,13.167,0.003,0.004
592,05 35 09.35,-05 21 41.6, ,10.391, ,11.712,0.003,0.004
593,05 35 22.29,-05 21 42.6, ,13.222, ,14.639,0.008,0.013
594,05 35 18.05,-05 21 41.2, ,14.583, ,15.146,0.019,0.01
595,05 35 18.86,-05 21 41.3, ,10.269, ,10.577,0.004,0.003
596,05 35 20.54,-05 21 41.0, ,11.635, ,12.332,0.007,0.008
597,05 35 22.71,-05 21 41.2, ,13.432, ,14.322,0.006,0.006
598,05 35 15.77,-05 21 39.8, ,11.532, ,12.002,0.003,0.004
599,05 35 13.07,-05 21 39.0, ,13.749, ,15.961,0.031,0.112
600,05 35 15.41,-05 21 39.5, ,12.254, ,13.497,0.006,0.01
601,05 35 06.21,-05 21 35.9, ,15.048, ,16.223,0.009,0.026
602,05 35 13.73,-05 21 35.9, ,10.403, ,13.183,0.002,0.009
603,05 35 07.22,-05 21 34.4, ,14.866, ,16.273,0.011,0.023
604,05 35 22.64,-05 21 37.5, ,12.986, ,14.074,0.005,0.009
605,05 35 10.43,-05 21 34.6, ,12.712, ,14.18,0.005,0.012
606,05 35 12.85,-05 21 33.9,>,9.742,>,12.303,0.002,0.01
607,05 35 23.22,-05 21 35.9, ,11.706, ,12.299,0.004,0.006
608,05 35 12.89,-05 21 33.7,>,9.74,>,12.307,0.003,0.007
609,05 35 12.67,-05 21 33.4, ,13.937, ,19.329,0.042,1.829
610,05 35 25.49,-05 21 35.6,>,10.571,>,11.227,0.004,0.012
611,05 35 11.77,-05 21 32.8, ,11.675, ,13.446,0.005,0.01
612,05 35 10.47,-05 21 32.5, ,13.309, ,15.052,0.012,0.014
613,05 35 20.14,-05 21 33.7, ,9.746, ,10.459,0.003,0.008
614,05 35 25.48,-05 21 34.5,>,10.547,>,11.433,0.005,0.007
615,05 35 16.20,-05 21 32.4, ,11.387, ,11.973,0.003,0.006
616,05 35 12.39,-05 21 31.6, ,13.032, ,14.694,0.011,0.02
617,05 35 24.74,-05 21 34.0, ,13.787, ,14.876,0.011,0.016
618,05 35 17.22,-05 21 31.8, ,      , ,      ,0.004,0.007
619,05 35 24.11,-05 21 32.8, ,10.856, ,11.606,0.003,0.007
620,05 35 16.64,-05 21 30.9, ,12.52, ,13.44,0.004,0.01
621,05 35 09.78,-05 21 28.3, ,9.54, ,10.519,0.004,0.008
622,05 35 20.84,-05 21 30.1, ,10.995, ,11.736,0.004,0.009
623,05 35 16.98,-05 21 29.4, ,13.241, ,13.871,0.01,0.012
624,05 35 15.30,-05 21 28.8, ,12.709, ,15.062,0.006,0.013
625,05 35 07.74,-05 21 27.1, ,13.566, ,14.518,0.004,0.012
626,05 35 24.49,-05 21 30.0, ,14.831, ,16.477,0.01,0.018
627,05 35 09.70,-05 21 24.9, ,11.675, ,12.305,0.007,0.011
628,05 35 23.34,-05 21 25.5, ,10.364, ,11.564,0.003,0.006
629,05 35 13.98,-05 21 23.3, ,9.63, ,10.932,0.002,0.007
630,05 35 09.90,-05 21 22.5, ,13.878, ,15.313,0.008,0.032
631,05 35 17.07,-05 21 23.7, ,12.422, ,12.896,0.005,0.008
632,05 35 20.59,-05 21 22.9, ,14.504, ,15.71,0.022,0.021
633,05 35 13.62,-05 21 21.1, ,13.048, ,13.671,0.004,0.008
634,05 35 08.43,-05 21 19.8, ,12.785, ,13.69,0.004,0.008
635,05 35 15.84,-05 21 21.2, ,12.755, ,13.926,0.007,0.01
636,05 35 06.46,-05 21 18.8, ,12.433, ,12.968,0.003,0.007
637,05 35 20.85,-05 21 21.5, ,10.976, ,12.163,0.004,0.012
638,05 35 26.07,-05 21 21.1, ,9.277, ,10.214,0.002,0.008
639,05 35 07.95,-05 21 17.2, ,12.133, ,12.907,0.004,0.008
640,05 35 17.36,-05 21 17.9, ,14.978, ,16.648,0.037,0.112
641,05 35 23.89,-05 21 18.7, ,11.394, ,12.821,0.003,0.009
642,05 35 26.26,-05 21 18.9, ,12.857, ,14.098,0.006,0.017
643,05 35 11.32,-05 21 15.6, ,12.142, ,14.14,0.004,0.012
644,05 35 16.59,-05 21 15.6, ,12.976, ,13.787,0.007,0.01
645,05 35 23.67,-05 21 16.4, ,12.869, ,14.33,0.004,0.013
646,05 35 15.41,-05 21 14.0, ,9.919, ,11.045,0.003,0.007
647,05 35 10.32,-05 21 13.1, ,9.978, ,10.697,0.004,0.007
648,05 35 13.11,-05 21 13.4, ,12.207, ,12.78,0.006,0.006
649,05 35 20.85,-05 21 13.7, ,14.092, ,15.674,0.017,0.072
650,05 35 16.19,-05 21 10.9, ,11.823, ,12.848,0.017,0.045
651,05 35 16.01,-05 21 09.9, ,9.239, ,10.063,0.003,0.007
652,05 35 16.29,-05 21 09.2, ,10.381, ,11.285,0.004,0.009
653,05 35 13.44,-05 21 07.4, ,11.09, ,12.13,0.002,0.006
654,05 35 19.84,-05 21 08.0, ,13.183, ,14.05,0.01,0.034
655,05 35 18.97,-05 21 07.8, ,10.172, ,11.008,0.003,0.01
656,05 35 11.51,-05 21 06.4, ,15.09, ,19.355,0.025,0.426
657,05 35 14.72,-05 21 06.3, ,10.109, ,11.424,0.002,0.006
658,05 35 17.51,-05 21 06.2, ,13.188, ,15.779,0.01,0.034
659,05 35 12.86,-05 21 05.0, ,12.607, ,13.972,0.012,0.009
660,05 35 20.06,-05 21 06.0, ,      , ,9.896,0.004,0.012
661,05 35 17.22,-05 21 05.4, ,14.367, ,16.322,0.023,0.066
662,05 35 23.93,-05 21 06.4, ,13.15, ,15.029,0.006,0.023
663,05 35 21.56,-05 21 05.6, ,10.833, ,12.61,0.003,0.015
664,05 35 11.90,-05 21 03.4, ,9.209, ,10.792,0.003,0.007
665,05 35 19.51,-05 21 04.5, ,11.971, ,12.867,0.004,0.01
666,05 35 11.29,-05 21 03.1, ,12.259, ,13.365,0.004,0.009
667,05 35 07.74,-05 21 01.5, ,10.586, ,12.136,0.003,0.007
668,05 35 24.63,-05 21 04.4, ,11.053, ,13.655,0.002,0.012
669,05 35 23.36,-05 21 03.7, ,16.026, ,17.272,0.051,0.092
670,05 35 07.84,-05 21 00.4, ,13.468, ,14.664,0.006,0.008
671,05 35 10.20,-05 21 00.4, ,13.362, ,13.777,0.005,0.006
672,05 35 11.86,-05 21 00.3, ,9.881, ,12.903,0.004,0.009
673,05 35 14.96,-05 21 00.8, ,12.849, ,14.069,0.006,0.012
674,05 35 09.49,-05 20 58.8, ,12.695, ,13.079,0.004,0.006
675,05 35 16.95,-05 20 59.9, ,11.569, ,12.574,0.005,0.012
676,05 35 17.98,-05 20 59.6, ,14.397, ,17.796,0.015,0.182
677,05 35 23.44,-05 21 00.0, ,12.719, ,14.558,0.005,0.02
678,05 35 20.23,-05 20 57.0, ,      , ,      ,0.02,0.014
679,05 35 17.93,-05 20 55.5, ,11.27, ,11.604,0.008,0.013
680,05 35 21.11,-05 20 55.5, ,13.475, ,16.273,0.006,0.056
681,05 35 17.86,-05 20 54.1, ,9.555, ,10.569,0.004,0.01
682,05 35 13.22,-05 20 52.8, ,10.457, ,11.663,0.003,0.006
683,05 35 13.02,-05 20 52.9, ,14.113, ,14.907,0.013,0.015
684,05 35 15.02,-05 20 52.6, ,14.659, ,15.38,0.032,0.036
685,05 35 13.38,-05 20 51.6, ,13.607, ,15.763,0.016,0.042
686,05 35 18.96,-05 20 52.2, ,10.803, ,11.972,0.003,0.009
687,05 35 15.20,-05 20 51.4, ,15.277, ,15.917,0.042,0.036
688,05 35 20.53,-05 20 52.0, ,10.69, ,12.041,0.004,0.02
689,05 35 17.95,-05 20 49.3, ,12.155, ,13.286,0.004,0.013
690,05 35 14.28,-05 20 48.5, ,14.081, ,15.672,0.007,0.026
691,05 35 19.27,-05 20 49.5, ,13.108, ,14.282,0.007,0.016
692,05 35 12.40,-05 20 47.9, ,11.575, ,12.709,0.005,0.012
693,05 35 08.23,-05 20 46.9, ,12.074, ,12.924,0.003,0.005
694,05 35 15.17,-05 20 48.2, ,14.635, ,15.249,0.053,0.031
695,05 35 18.93,-05 20 48.6, ,13.622, ,14.56,0.009,0.019
696,05 35 12.65,-05 20 47.3, ,14.639, ,15.997,0.009,0.029
697,05 35 20.27,-05 20 47.4, ,14.947, ,16.811,0.031,0.118
698,05 35 12.28,-05 20 45.2, ,10.247, ,11.094,0.005,0.007
699,05 35 12.83,-05 20 43.6,<,9.988, ,10.693,0.007,0.014
700,05 35 20.09,-05 20 43.9,<,10.586, ,11.743,0.008,0.032
701,05 35 20.58,-05 20 43.2,<,11.461, ,12.36,0.015,0.06
702,05 35 26.36,-05 25 40.1, ,9.04, ,9.19,0.001,0.005
703,05 35 13.80,-05 22 07.1, ,9.325, ,9.856,0.004,0.003
704,05 35 14.06,-05 22 05.7, ,13.037, ,14.572,0.018,0.029
705,05 35 14.09,-05 22 23.0, ,      , ,9.364,0.048,0.007
706,05 35 12.79,-05 21 57.9,>,13.335,>,14.768,0.025,0.032
707,05 35 13.11,-05 22 47.1, ,13.416, ,14.771,0.018,0.023
708,05 35 11.92,-05 22 50.9, ,15.039, ,17.182,0.052,0.196
709,05 35 11.63,-05 22 46.1, ,16.06, ,16.513,0.062,0.107
710,05 35 16.22,-05 24 56.0,>,10.194,>,11.225,0.002,0.004
711,05 35 08.05,-05 21 17.8, ,14.357, ,14.032,0.008,0.007
712,05 35 12.77,-05 21 58.9, ,12.591, ,14.081,0.014,0.021
713,05 35 18.71,-05 22 56.9, ,      , ,9.627,0.005,0.003
714,05 35 14.88,-05 23 05.1, ,10.406, ,11.201,0.004,0.007
715,05 35 07.17,-05 24 45.8, ,16.267, ,17.995,0.029,0.078
716,05 35 09.03,-05 25 26.0, ,16.776, ,18.246,0.074,0.11
717,05 35 09.20,-05 25 31.9, ,17.292, ,18.458,0.091,0.093
718,05 35 07.52,-05 21 45.9, ,16.975, ,17.927,0.049,0.064
719,05 35 13.70,-05 25 31.9, ,17.278, ,18.32,0.099,0.106
720,05 35 11.51,-05 25 05.8, ,17.114, ,18.304,0.132,0.142
721,05 35 13.18,-05 24 24.9, ,15.182, ,16.049,0.064,0.045
722,05 35 09.79,-05 24 06.7, ,17.432, ,17.118,0.111,0.045
723,05 35 09.91,-05 24 10.5, ,16.071, ,16.541,0.036,0.027
724,05 35 09.03,-05 23 26.3, ,16.51, ,16.737,0.025,0.019
725,05 35 08.27,-05 23 07.8, ,16.075, ,17.085,0.037,0.039
726,05 35 25.67,-05 25 43.5, ,17.031, ,18.093,0.056,0.079
727,05 35 20.36,-05 25 25.7, ,18.289, ,      ,0.33,
728,05 35 19.51,-05 23 39.7, ,16.337, ,17.058,0.259,0.2
729,05 35 21.12,-05 22 50.2, ,16.024, ,17.381,0.044,0.064
730,05 35 21.71,-05 22 38.3, ,15.149, ,16.445,0.048,0.096
731,05 35 20.79,-05 22 36.3, ,15.787, ,17.189,0.102,0.158
732,05 35 20.77,-05 22 39.5, ,16.799, ,16.777,0.229,0.09
733,05 35 22.33,-05 22 13.1, ,16.54, ,19.166,0.253,1.041
734,05 35 21.28,-05 22 09.1, ,15.741, ,16.121,0.079,0.055
735,05 35 18.30,-05 21 49.5, ,15.816, ,16.558,0.064,0.049
736,05 35 23.34,-05 20 48.1, ,16.912, ,18.955,0.034,0.161
737,05 35 26.29,-05 20 59.7, ,16.417, ,19.348,0.043,0.426
738,05 35 16.32,-05 20 59.0, ,15.351, ,16.442,0.071,0.118
739,05 35 15.32,-05 20 55.0, ,16.153, ,19.54,0.052,0.518
740,05 35 08.32,-05 21 02.4, ,15.883, ,16.973,0.029,0.046
741,05 35 06.67,-05 22 44.6, ,16.256, ,      ,0.018,
742,05 35 06.54,-05 22 28.6, ,17.587, ,18.146,0.117,0.104
743,05 35 08.10,-05 23 15.2, ,16.89, ,17.612,0.165,0.075
744,05 35 15.07,-05 24 22.1, ,15.355, ,16.216,0.086,0.11
745,05 35 16.55,-05 22 53.7, ,15.893, ,16.567,0.098,0.077
746,05 35 12.14,-05 21 48.5, ,14.953, ,18.519,0.04,0.427
747,05 35 12.16,-05 21 53.8, ,14.89, ,17.89,0.083,0.115
748,05 35 09.70,-05 21 52.1, ,16.223, ,18.185,0.048,0.177
749,05 35 08.34,-05 23 21.9, ,17.399, ,18.041,0.077,0.058
750,05 35 11.42,-05 21 44.6, ,15.669, ,      ,0.045,
751,05 35 12.20,-05 22 30.8, ,14.836, ,19.856,0.082,1.007
752,05 35 12.27,-05 22 27.1, ,14.212, ,17.365,0.053,0.091
753,05 35 12.43,-05 22 08.7, ,14.286, ,17.577,0.066,0.105
754,05 35 23.04,-05 24 59.9,>,10.724,>,10.35,0.014,0.021
755,05 35 14.71,-05 22 35.5, ,12.436, ,12.299,0.024,0.005
756,05 35 14.67,-05 22 38.6, ,14.287, ,15.061,0.136,0.043
757,05 35 14.69,-05 22 38.2,>,13.543,>,15.219,0.03,0.073
758,05 35 16.24,-05 22 24.3,>,12.948,>,14.38,0.103,0.059
759,05 35 14.50,-05 22 29.4, ,14.881, ,      ,0.196,
760,05 35 14.01,-05 21 51.9, ,15.673, ,18.649,0.378,0.614
761,05 35 12.46,-05 21 37.8, ,14.882, ,17.431,0.08,0.21
762,05 35 12.37,-05 21 54.8, ,13.906, ,16.839,0.034,0.079
763,05 35 23.31,-05 25 05.8, ,14.794, ,15.83,0.032,0.061
764,05 35 17.97,-05 23 53.6, ,14.623, ,15.502,0.026,0.024
765,05 35 18.53,-05 23 47.9, ,14.638, ,15.772,0.057,0.083
766,05 35 20.00,-05 23 28.8, ,15.856, ,16.605,0.038,0.056
767,05 35 11.68,-05 23 36.0, ,14.684, ,18.07,0.055,0.189
768,05 35 16.14,-05 22 45.1, ,13.385, ,15.903,0.038,0.048
769,05 35 15.96,-05 22 41.1, ,13.164, ,17.419,0.039,0.624
770,05 35 12.68,-05 21 47.6, ,14.775, ,17.313,0.097,0.173
771,05 35 14.86,-05 22 44.1, ,14.614, ,15.925,0.065,0.046
772,05 35 11.98,-05 22 08.0, ,14.069, ,      ,0.047,
773,05 35 14.82,-05 22 23.2, ,13.023, ,14.412,0.028,0.041
774,05 35 18.23,-05 24 13.0, ,13.86, ,14.672,0.021,0.025
775,05 35 25.45,-05 21 51.5,>,10.049,>,10.822,0.002,0.008
776,05 35 19.27,-05 20 49.9,>,13.208,>,14.257,0.005,0.011
777,05 35 07.57,-05 22 00.5, ,17.626, ,20.793,0.121,1.055
778,05 35 23.19,-05 23 58.3, ,17.649, ,18.374,0.891,0.799
