HC2000,_RAJ2000,_DEJ2000,RAJ2000,DEJ2000,year,month,day,itime,sci_frames,tel_frames,teff,teff_e,vsini,vsini_e,rv,rv_helio,rv_e,airmass,airmass_e,pwv,pwv_e,veiling,veiling_e,veiling_param_O32,veiling_param_O33,veiling_param_O35,lsf,lsf_e,noise,noise_e,model_dip_O32,model_std_O32,model_dip_O33,model_std_O33,model_dip_O35,model_std_O35,wave_offset_O32,wave_offset_O32_e,wave_offset_O33,wave_offset_O33_e,wave_offset_O35,wave_offset_O35_e,snr_O32,snr_O33,snr_O35,Kmag,Kmag_e,Hmag,Hmag_e
322,83.81787499999999,-5.387944444444445,05 35 16.29,-05 23 16.6,15,12,23,300.0,"[75, 76, 77, 78]","[79, 80, 80, 79]",3373.5479382355206,24.762913163185658,37.4376548385155,0.79416838347462,28.744331894929886,24.940719273568504,0.5701778018650998,1.0074407180960816,0.006880361619812536,4.153927805371547,0.07955577663173274,7388.25085260933,3098.9475507044826,0.0649357663017759,0.05597236494038445,,4.9348199826626375,0.07265050271405915,2.371773941039386,0.03890410256485555,0.8580943410733264,0.3329657480499612,2.022058568378105,0.4473320118262824,,,-0.05596220461024201,0.008286105458662367,0.3867294860735065,0.009856550782017026,,,47.79699736984146,72.86639338155076,,9.435,0.004,9.982,0.004
296,83.81695833333332,-5.390083333333334,05 35 16.07,-05 23 24.3,15,12,23,1200.0,"[81, 82, 83, 84]","[79, 80, 80, 79]",3982.11613272872,1473.111652601511,56.987784170885895,32.31614855883417,28.31734414959931,24.38411990475568,61.271776310929525,1.3625311400853624,0.1678834911900683,1.1520008092075031,0.6142140984755569,610673.1242954587,763155.405858801,3.568324173097166,3.117294177807316,,16.391313251617255,2.588895402053173,1.000924409670819,0.0009723521147030345,0.009717362630588519,0.012158235857782957,0.012931479527511072,0.004921101699836105,,,0.6206342376678536,0.2745497681535163,0.5696272353276643,0.31237493684573076,,,1.640101042807065,3.187211768134437,,12.818,0.067,14.713,0.222
259,83.821125,-5.392777777777778,05 35 17.07,-05 23 34.0,15,12,23,90.0,"[87, 88, 89, 90]","[95, 96, 96, 95]",3434.1717401221267,33.7325477212903,32.81568188958963,1.0283945190086925,32.1557397087425,28.02118334325917,0.6375916781050961,1.3719828018751676,0.011247830319591645,2.392993044170666,0.03676701510551017,69816.52042773225,6621.559891399567,0.5846050576140922,0.5051752879056065,,4.910901656899917,0.05426238790051929,1.9133196345638102,0.029814876014979785,1.549971512463939,0.6444522249910014,3.52156418833507,0.757306205024261,,,-0.02659413251934948,0.005050933699129142,0.47658865107423815,0.007743923308843825,,,40.13639938344584,61.42808717403635,,,,,
213,83.81645833333332,-5.397194444444445,05 35 15.95,-05 23 49.9,15,12,23,60.0,"[91, 92, 93, 94]","[95, 96, 96, 95]",3150.367768990783,143.8922200498414,24.825275039528815,4.848604819022139,16.12589333449894,11.968148266952708,2.701888249938839,1.4278845170398489,0.013806633944708824,2.2849950014456106,0.042169816706531194,531652.3362850081,124738.39153057733,5.732937420667908,4.866497464882616,,5.04618575017092,0.04622967890976115,2.1742296525110967,0.03861318506494271,1.703822506872772,0.6114380858452206,1.3294750348897217,0.38687937111906145,,,-0.06810644094128442,0.004060685191230082,0.4469066275071029,0.008892218556139891,,,45.93865770927578,65.35298571436451,,,,,
306_A,83.81599999999999,-5.389583333333333,05 35 15.84,-05 23 22.5,15,12,24,180.0,"[40, 41, 42, 43]","[44, 45, 45, 44]",3511.701639616465,50.42625621253001,34.408724627860686,1.7325117863978328,30.25471845916323,26.331305036567006,1.0153323110034371,1.2041023112395126,0.011783466667122378,2.1407524165685965,0.03986190440734272,103913.62130053024,11809.360431140594,0.8205118473633518,0.7111088032463805,,5.806585121472525,0.07278865066851914,2.7337939225331773,0.042787325182581215,1.4737599817321758,0.5640259369389643,2.5593640332698318,0.550958523745347,,,-0.0105645414321486,0.007276443073185474,0.25623245163158437,0.011831953377475307,,,57.89050463460395,81.23731617269875,,,,9.711,0.005
306_B,83.81599999999999,-5.389583333333333,05 35 15.84,-05 23 22.5,15,12,24,180.0,"[40, 41, 42, 43]","[44, 45, 45, 44]",3472.98007306028,62.90591529034691,35.59060911371104,2.445685690688336,28.726728936214183,24.80331551361796,1.2212218901106144,1.3831915693636,0.02054023765831192,2.6310785962338685,0.06874193379169435,113047.358247966,17646.660098656743,0.9189436597561688,0.7952639635100416,,7.347172483362719,0.1239907889173617,2.998492301492937,0.052929730537090824,0.7138380946024716,0.2968216361210384,1.9199694302665709,0.41425099807060817,,,-0.15421093680685627,0.011322863150553322,0.1351835641817616,0.01878782569872163,,,47.43337296468934,67.58431769741719,,,,9.711,0.005
291_A,83.81599999999999,-5.390444444444445,05 35 15.84,-05 23 25.6,15,12,24,600.0,"[46, 47, 48, 49]","[44, 45, 45, 44]",3791.2050343041656,1178.6152855074317,51.81362544458874,34.07257297202397,10.54210855767726,6.546208314907295,66.62130510503675,1.2833662275938398,0.08177180323854705,2.1764288884443097,0.15220460450099793,45392050.90019151,56684062.8954667,0.9001381536443727,0.8005058228506899,211.9215520316582,5.019144207602484,0.3367291066779936,3.1492333352272084,0.0724052158624493,0.29778568789074944,0.11630215062416659,0.21672254757011622,0.05595198626047502,0.09306361249267958,0.03691620577459321,0.12098139723738405,0.008571881224359305,0.6208614921819575,0.011880619701220174,0.9962235386295158,0.0045707992776680695,58.862813371068086,82.55723050188936,94.1121233251649,10.395,0.01,11.064,0.01
291_B,83.81599999999999,-5.390444444444445,05 35 15.84,-05 23 25.6,15,12,24,600.0,"[46, 47, 48, 49]","[44, 45, 45, 44]",3171.099753420329,28.968804654134146,16.16959042457744,0.7699651065916946,33.04695552082633,29.051055278056367,0.3821191508534909,1.1384019187929477,0.01508957194589533,2.0634362555235315,0.05541955836936174,43862.95741551627,4277.905980701849,0.4632983148613313,0.3939790035400707,,4.800545516059733,0.0873283702382115,2.610412453439777,0.04280003750653982,0.38438453955355856,0.14326323183472423,0.8178548058425408,0.1798248339470793,,,0.12197445087883622,0.009377547247738219,0.7297040616488581,0.010475142971083984,,,42.84506523765654,65.9653640753772,,10.395,0.01,11.064,0.01
252,83.82074999999999,-5.393638888888889,05 35 16.98,-05 23 37.1,15,12,24,300.0,"[52, 53, 54, 55]","[50, 51, 51, 50]",3162.2713639015724,112.46751956466596,15.566187182362142,2.362994228404254,28.833315292846933,24.734240103788103,1.2807091107587443,1.0288282838790448,0.011833003706331446,2.0797378790126957,0.053115310247956016,579856.5948829442,102761.20216693904,6.179677166468894,5.250378966938974,,4.94313438147735,0.08421123288091525,2.711404042767783,0.0478550350902498,0.5222679850185488,0.20288496119788157,0.40637576627939254,0.12775881038022746,,,0.01385901288576966,0.00873559125182683,-0.10001390478335173,0.010005047481861672,,,59.12927122781755,82.37179909842337,,9.314,0.005,10.238,0.004
250,83.81624999999998,-5.393888888888889,05 35 15.90,-05 23 38.0,15,12,24,1200.0,"[56, 57, 58, 59]","[60, 61, 61, 60]",2977.714566697505,55.09730024997498,15.470722811172415,0.7991155611006722,34.35327757984789,30.129028664406807,0.41667052627699874,1.0077801215022453,0.00797547308533919,2.0027255950885428,0.0747944298391019,33738.85487555448,4071.241411556075,0.43023227916872175,0.36186563742905004,,4.709825472086859,0.11388416959177183,1.0117549171810298,0.010337381943773427,0.10106873749225914,0.03067281500790093,0.13694843603981605,0.03219974565095356,,,-0.026691912158011907,0.012783859467690627,0.1870453883855594,0.01410782094158819,,,12.34090443459452,20.715275204736262,,12.144,0.008,12.803,0.006
244,83.82108333333332,-5.394388888888889,05 35 17.06,-05 23 39.8,15,12,24,600.0,"[62, 63, 64, 65]","[60, 61, 61, 60]",3392.231154408892,17.66318914849012,21.542160681302775,0.3112470139911814,32.56928322237554,28.131837944319777,0.3196677056273529,1.1088570753578058,0.01250382644865089,2.0777523725237534,0.05016673030850116,2325.650157165045,1782.7072125785762,0.02011783415333296,0.01735943940759157,,5.313735347773779,0.07150764762539907,2.20019197412579,0.03861747710953045,0.6303280359451549,0.20871738826935093,1.3784122703687869,0.2901837833350374,,,0.06886097559139696,0.008250902981101045,0.27063837578058814,0.011432470117119703,,,43.60808871870431,67.89323875787765,,10.151,0.005,10.711,0.004
261,83.81408333333331,-5.392611111111112,05 35 15.38,-05 23 33.4,15,12,24,900.0,"[66, 67, 68, 69]","[44, 45, 45, 44]",3358.731968963146,17.696982968072007,0.5799354144151989,0.6893881209409141,30.836415619350394,26.288541396492963,0.20011033743914552,1.288591160625399,0.024288990492811413,2.111674157879888,0.08462646980196609,108.38269086422629,151.84061207821142,0.0009646194582646923,0.0008308591208145066,,5.2140384347078665,0.0880798654316215,1.4190643203584146,0.02507065596304936,0.28612561559498634,0.0893835053176115,0.5680520034858167,0.12372431740588802,,,0.060478764463307855,0.012688848634698414,0.3705253827967908,0.013397269083780666,,,16.102817288476714,28.917904278041927,,11.137,0.004,11.424,0.007
248,83.81566666666666,-5.394,05 35 15.76,-05 23 38.4,16,12,14,600.0,"[40, 41, 42, 43]","[54, 55, 55, 54]",3379.3688870826054,39.98148481407816,39.14369179392829,1.4683241276196277,26.92791106595628,27.061758782399647,1.0637885070292175,1.0550376117839537,0.01806951323735939,1.4323954124886444,0.06230341731692424,42338.454970826395,7529.17231017704,0.37032505366505797,0.31925164506158604,,5.247265899405633,0.13064922387367517,1.3025538952809066,0.02223544486684459,0.1672316536841788,0.057587522361500075,0.27117538032562116,0.06256906946829759,,,-0.07379129819604704,0.013549395167142618,-0.23885571674308553,0.016409096842236265,,,19.006746331762116,28.175553411829043,,11.168,0.014,12.802,0.028
223,83.81433333333331,-5.395972222222222,05 35 15.44,-05 23 45.5,16,12,14,300.0,"[46, 47, 48, 49]","[44, 45, 45, 44]",3345.938546639332,20.86399820437714,10.621793644372682,0.7031722713077704,27.36611362686739,27.349086674512197,0.2851034505969796,1.0202311484248623,0.014364307563737855,1.5735798809098256,0.04839767882178936,38255.91457789714,3639.93522949667,0.34421529301440734,0.2963083032833411,,4.949830657362531,0.0978668764413122,1.7483336894984185,0.024992394078268587,0.5979985640434944,0.17055899968119212,1.192050363692271,0.24918282531014746,,,-0.19401218054524608,0.010664773368685487,0.06897763144625649,0.011881355858545006,,,30.420083081640154,46.01031292089182,,9.88,0.003,10.463,0.003
219,83.81316666666665,-5.396305555555556,05 35 15.16,-05 23 46.7,16,12,14,600.0,"[50, 51, 52, 53]","[44, 45, 45, 44]",3480.22177818673,39.773458199454126,20.81551345939332,0.9273499184181215,23.837243058564603,23.74828528641246,0.599386753800772,1.0690293200048149,0.018220917501130307,1.5157974067421536,0.0665377650585236,57489.248847895265,7643.64479911363,0.4647339836945759,0.4022752869871081,,5.466168905565164,0.12889993293212543,1.202835337100402,0.01849494575736188,0.14189308321415062,0.043882235012577174,0.2983354807154627,0.061830922548193626,,,-0.121629232168106,0.015262344059333487,0.15491961959237088,0.016467233886903646,,,16.445988966667972,27.20732755446343,,10.918,0.012,11.49,0.008
324,83.81183333333333,-5.387777777777778,05 35 14.84,-05 23 16.0,16,12,14,1200.0,"[56, 57, 58]","[54, 55, 55]",3435.830718339793,29.278703138043284,4.303426602274116,1.4995430094682183,30.900427489203803,30.699095762758997,0.3154222027974729,1.2519443879416747,0.02885975114351791,1.5501058280404771,0.10233621908083601,400.99572123587825,500.1908098816924,0.003353379262542429,0.0028983567170683773,,5.2374395688417685,0.19586605296247406,1.0375955370876853,0.01579232873149805,0.18376946072532258,0.04926782753054352,0.2780593951624226,0.05989831037540521,,,-0.09762411514447464,0.017629382983498885,-0.31365801758687484,0.01815527331849537,,,8.524740406505602,15.75915556325924,,11.899,0.012,12.06,0.007
295,83.82320833333331,-5.39025,05 35 17.57,-05 23 24.9,18,2,11,450.0,"[26, 27, 29, 30]","[41, 42, 42, 41]",3506.8795120354653,64.98174892342377,24.24536901612924,1.3554674716867332,43.20402671347302,20.689482816765505,0.954202544024124,1.0087119903779982,0.008700609244592816,2.2969973326858435,0.07732578977722016,100171.20370270472,14292.139400793974,0.7936508457418092,0.6878572379096021,,5.231447169106567,0.12977400022779984,1.0074458589221555,0.007235171014747466,0.13896752336324958,0.04411639381965866,0.23830387097720584,0.04950769436894867,,,-0.05656505638501879,0.01379729914193581,-0.2107357234348588,0.017375784538247382,,,13.1236781535687,20.3109363661223,,10.501,0.01,11.787,0.008
313,83.82279166666665,-5.389194444444445,05 35 17.47,-05 23 21.1,18,2,11,180.0,"[33, 34, 35, 36]","[41, 42, 42, 41]",3564.8574566844363,74.07946911959698,10.411811290160957,1.0246266416971714,48.8536675558546,26.20718024357943,0.37100746570414245,1.0126127168360313,0.010370790111683736,2.403992983341475,0.07935158619560134,95716.538020163,13042.821817897697,0.727561026946005,0.631325044208921,,5.071494679841887,0.12490713463070602,1.0047675708047556,0.004803374860562815,0.31412917672500207,0.10925460929521162,0.6378613381100666,0.12944010067480607,,,-0.04066585143665544,0.013026341780354951,-0.15242875618688229,0.016964746897871086,,,13.993630835608194,21.76160038762746,,9.687,0.007,10.459,0.005
332,83.82424999999999,-5.387666666666667,05 35 17.82,-05 23 15.6,18,2,11,300.0,"[37, 38, 39, 40]","[41, 42, 42, 41]",3997.2691726990292,36.080030843280156,16.473267939470393,0.39979382761130644,48.14520955572303,25.45153153172564,0.26635181109949,1.0235750204859253,0.014509174248161338,2.6076538124768396,0.10409891371407265,290.33456434084053,330.1519235288752,0.0016827555519526667,0.0014704168287284858,,5.074360742716303,0.1227231650793077,1.0502870305011953,0.018649929903066353,0.4178294702349632,0.11733884561213717,0.8587747012651124,0.17400512963361792,,,0.014245744610905026,0.01375109658619016,-0.10897289616363925,0.013811401591943342,,,14.066425635426928,23.915457351277716,,9.87,0.004,10.169,0.004
331,83.82604166666665,-5.387694444444445,05 35 18.25,-05 23 15.7,18,2,11,450.0,"[43, 44, 45, 46]","[41, 42, 42, 41]",3597.6191567371493,103.11881721269629,18.590395990789652,1.1405534391886398,54.22296765433496,31.430799395930983,0.6959165544421957,1.0858372626556814,0.021892879318568315,2.338332521879243,0.10130194755316468,99206.5649782595,17450.702308012704,0.7366982553086618,0.639703078982126,,5.036797908806741,0.1497548930392263,1.0021370115609887,0.0032145049657493763,0.16806966463006312,0.05165777562824933,0.32336987774789505,0.06581169410158662,,,-0.011873228037425361,0.014839266650505074,-0.17160843734490203,0.015874593232528378,,,11.767340035303508,19.280992028336247,,10.563,0.003,11.536,0.006
337,83.82779166666664,-5.387222222222222,05 35 18.67,-05 23 14.0,18,2,11,60.0,"[47, 48, 49, 50]","[51, 52, 52, 51]",4652.070705554816,284.39084781403244,20.237276593133465,10.44228257254494,54.412476635488794,31.564614518607357,5.8313699349539725,1.1589951750933458,0.07225900816512865,2.3818023494484013,0.15304861711413253,1654719.9768373473,521619.2187215617,7.352691881801728,6.3804292487448455,5.480654760466741,7.844874124896856,0.4220202907219641,1.4953753648143462,0.035576172446155074,1.1277042857923867,0.5469809755678632,0.5333625791821888,0.11946440755746601,0.6372232816316981,0.15044428187217593,0.0973529407694393,0.006755535136376396,-0.17565953162668252,0.011893394551519387,-0.31806369238021526,0.027738840146149413,36.2970459377801,50.445056034333625,63.82710666765796,,,,
375,83.82074999999999,-5.383611111111112,05 35 16.98,-05 23 01.0,18,2,11,180.0,"[53, 54, 55, 56]","[51, 52, 52, 51]",4040.9101875505894,115.30679235822345,26.449961634856823,0.873433476355034,55.492131572952346,32.59838146242441,0.5565967726867669,1.2518360145540235,0.01480871626373459,1.813723644005085,0.07389064915836097,95791.09895502504,9716.764789781184,0.5435908815503624,0.4753500507607838,,5.167661459247093,0.11036622752162195,1.207931573264198,0.019744113538425867,0.6164093221173479,0.2084872205597131,1.2061112995714791,0.24485108824342328,,,0.08448446865172964,0.009467993682794398,-0.15346677730614713,0.01198796129215135,,,22.245780641594617,34.68097292590828,,9.342,0.004,9.756,0.003
388,83.82316666666665,-5.382444444444444,05 35 17.56,-05 22 56.8,18,2,11,120.0,"[57, 58, 59, 60]","[61, 62, 62, 61]",4234.467090032885,141.40329699369704,18.137228037016797,0.779978879011594,53.36121922810523,30.438719843577957,0.44057089708200436,1.3434001406561056,0.01658033440019313,1.7589769605367689,0.05159196989482506,124092.32850384622,10881.605147150673,0.6503819546837915,0.5698428112780679,,5.033478326471748,0.07912328394972068,1.0268532683084954,0.01435583395991935,0.5808257331300624,0.1794364126164235,1.1590416450103374,0.22295705832504611,,,0.05912106846689272,0.009194562487675063,-0.2979437912202716,0.010538567995275389,,,16.940258303909204,26.765573059572944,,9.096,0.004,9.598,0.003
425,83.82479166666666,-5.379305555555555,05 35 17.95,-05 22 45.5,18,2,12,60.0,"[47, 48, 49, 50]","[51, 52, 52, 51]",3546.2137453973264,20.273095166995063,21.563874719126147,0.31611385701522643,47.43647349437827,24.686915278187634,0.3306912745088937,1.014842256042314,0.009933248924365978,1.0471537526293904,0.0359548242000618,331.67693425465916,394.0857316739346,0.0025544371363392525,0.00221573610740153,,5.01368941761763,0.08801542385344874,2.2621826026484992,0.033464264512550246,4.3918229193731495,1.4453087919624616,9.254416233626763,1.9571944646769845,,,-0.09289749390297705,0.009211646328840056,-0.22788130758834071,0.011229780919452523,,,45.95849725251744,65.5854096771018,,,,,
713,83.82795833333331,-5.382472222222222,05 35 18.71,-05 22 56.9,18,2,12,90.0,"[54, 55, 56, 57]","[51, 52, 52, 51]",4698.515807639793,184.66769514504722,6.91241732415001,1.8142269507390565,45.889899627316105,22.99934372120191,0.4868907522843742,1.0110757350366752,0.009266679604640227,0.9826858906926482,0.031568654248314454,502247.8125313473,65868.51193496448,2.3125831385590065,2.0357657769489697,,4.784992882342197,0.10579791016896545,1.5487239987635535,0.024104775687761038,0.795487140743508,0.3072871081955034,1.1834396525443012,0.23922102284707808,,,-0.05113587363962446,0.010217065597607575,-0.2025080784780905,0.010844903355050381,,,29.1887301748216,40.883062503795486,,,,9.627,0.003
408,83.83008333333332,-5.38075,05 35 19.22,-05 22 50.7,18,2,12,450.0,"[58, 59, 60, 61]","[51, 52, 52, 51]",3543.5500079363046,46.186522771067075,50.44705894422217,1.409795823659536,45.79359638055196,22.865669624802013,1.0908874442055954,1.0647292399396955,0.017131237467876814,1.0087739033246097,0.04830464083017799,975.8037969818982,1186.071733682318,0.007529663790625206,0.006531630102872934,,5.332195603996665,0.1237965718335099,1.2864795341343747,0.021769523101723087,0.30446039121884383,0.11172692722508652,0.5659147179489583,0.1316761317735218,,,0.0038538747494133857,0.013295084608247663,-0.14847127810391098,0.014739456044172178,,,19.247607033726005,30.772015066462814,,10.521,0.003,10.86,0.004
410,83.82133333333331,-5.380583333333333,05 35 17.12,-05 22 50.1,18,2,12,600.0,"[64, 65, 66, 67]","[62, 63, 63, 62]",3825.2834460802756,101.77982232058707,58.77688411925806,1.8449138710837651,45.21036285482031,22.165393024271292,1.5332571472843135,1.1400065372873467,0.02561576819054956,1.0828340525208815,0.0687054137508365,1594.6985601895044,1932.5124330014082,0.010172656123610421,0.0088744880415113,,5.237004163973128,0.173829335444474,1.005235704153584,0.005551102387651219,0.1322974041861315,0.05356486418294722,0.24798496245880175,0.05985116571689363,,,0.18799353093796287,0.020385268974541917,0.34586572170391955,0.020591100023113512,,,10.034266574186937,18.012621125244024,,11.181,0.006,11.2,0.006
436,83.82658333333332,-5.377083333333333,05 35 18.38,-05 22 37.5,18,2,12,90.0,"[70, 71, 72, 73]","[74, 75, 75, 74]",3707.764465753083,65.19671647449263,16.27766260901481,0.6716089595248214,55.761759277550404,32.601370619579725,0.27534711260698685,1.402779551000237,0.01606023070676743,1.0900347104249029,0.03944425826169917,22408.769521081704,5920.532279319561,0.15418379427609674,0.13425926676106292,,5.061766527809364,0.07923517975406158,1.582005565201215,0.027393884584333228,1.695684488203566,0.5464604740128034,3.491332524235985,0.7099232229040249,,,-0.09837608704926665,0.009041771749731774,0.18272000642676198,0.01094416738753437,,,27.770872850611514,42.45020002559676,,,,,
354_B2,83.81712499999999,-5.385222222222223,05 35 16.11,-05 23 06.8,18,2,13,120.0,"[25, 26, 27, 28]","[40, 41, 41, 40]",5017.09605573393,200.51385867216504,17.40910048710265,2.729911183609432,50.70650656066344,27.671821424219843,1.6044356777559337,1.0062481073267275,0.005912943745054244,1.8085368297129905,0.027265777864672103,763532.3699020245,169533.60300291178,3.255119308449052,2.86924145430577,,5.310500446864337,0.07317465825080616,2.7996748568888825,0.04460283087839789,1.519257854646927,0.6396330682853805,1.9942933779661551,0.42033412901022754,,,-0.07288106051574943,0.0074541204698261795,-0.16755955492069385,0.010917995048505824,,,61.794244559653755,83.88706824492206,,,,,
354_B3,83.81712499999999,-5.385222222222223,05 35 16.11,-05 23 06.8,18,2,13,120.0,"[25, 26, 27, 28]","[40, 41, 41, 40]",5010.062834582081,213.26947192372472,17.843693271705437,3.401124566922368,50.831795358577466,27.797110222133867,1.8096552404636341,1.008281591139251,0.006241247068611844,1.8090788444826564,0.03279061952196238,747698.5382983395,157715.71885246248,3.1940652485012913,2.8158751384460263,,5.30269638602303,0.09363218335818946,2.8010740341705094,0.050583938181800514,1.5292604146753774,0.6367275157063907,2.008833817411631,0.4213397203057013,,,-0.07338268145167254,0.008363716741808705,-0.1721460464870329,0.012265432625890346,,,61.794244559653755,83.88706824492206,,,,,
354_B1,83.81712499999999,-5.385222222222223,05 35 16.11,-05 23 06.8,18,2,13,30.0,"[32, 33, 34, 35]","[40, 41, 41, 40]",6728.7002184427065,217.4102866672215,27.192474369659397,6.721048357765017,72.9823073489429,49.90573524407948,4.884180258031066,1.0078267308589466,0.007040004718882442,1.6991738110839771,0.026674280507165804,90970.68520314324,91460.89855833465,0.2761075673365107,0.24539925624671977,,5.066200767297429,0.08404568470371432,2.265618764774088,0.036424904811678926,3.493732297588906,1.7603304249268017,2.5787800385653554,0.9617852608154343,,,-0.17006899130226555,0.009571594013570897,-0.2748752032117271,0.010995911548225129,,,48.05353716568541,66.94169378851271,,,,,
354_B4,83.81712499999999,-5.385222222222223,05 35 16.11,-05 23 06.8,18,2,13,600.0,"[36, 37, 38, 39]","[40, 41, 41, 40]",2666.2818433588677,266.2238228384567,63.06703237616997,3.9493378433806825,45.938126757229966,22.815810515676624,2.6505942519482666,1.0238971581752556,0.019300685093896708,1.2233897624758157,0.09913476481645978,967.4057242627814,1339.6777448180696,0.01653113236881312,0.013594050935312546,,5.017589858655316,0.20902867134536685,1.2050164314540475,0.025111862809667485,0.11190779021950259,0.043673560360641,0.2575336729598823,0.06595407095676221,,,-0.13244751087017703,0.026367539149603485,-0.1654133672162394,0.02124187401570865,,,8.423784549000237,18.833461084447833,,,,,
442,83.81875,-5.376444444444444,05 35 16.50,-05 22 35.2,18,2,13,450.0,"[42, 43, 44, 45]","[46, 47, 47, 46]",3911.928817889479,523.3963673557539,49.0065802417009,21.401240418601,48.80057980511984,25.502262764996296,11.040528073100933,1.1170132144515514,0.07524880289821811,1.083379740509808,0.27619502422383124,152618.2024740785,157137.1501390023,0.9266355511568802,0.8089569155182491,,5.768023994711712,0.6982788621034324,1.0008964258516662,0.001086585404147633,0.027218813148568555,0.010248427802225504,0.06377992375992933,0.014922427427927492,,,0.19361003503425905,0.0653995577581689,-0.010212224104361484,0.08829009222717005,,,2.7628081480688467,4.889676573605832,,10.638,0.006,11.182,0.003
344,83.81570833333332,-5.386083333333334,05 35 15.77,-05 23 09.9,18,2,13,60.0,"[48, 49, 50, 51]","[52, 53, 53, 52]",3550.2585599587105,95.50833672702242,30.353743271257493,2.462187356695507,-4.134481400232368,-27.523698604240053,1.4248580813579939,1.417224383980566,0.015057970345976557,1.901215788647959,0.05139295235220753,305065.1734488187,44714.487347737595,2.3429148619294597,2.0324392088964864,,5.061600285477787,0.06921735568906406,1.6240059916552907,0.02519113187377331,1.6185416805788684,0.7372940421309212,2.2074037067053265,0.5332719929459644,,,-0.042824310056910134,0.00805117472686974,-0.09720106908644376,0.00894290038776413,,,29.025265133933416,44.26247050332258,,,,,
522_A,83.81787499999999,-5.369555555555555,05 35 16.29,-05 22 10.4,19,1,12,450.0,"[36, 37, 38, 39]","[40, 41, 41, 40]",3414.8531553838584,19.177255026010698,33.983842964668355,0.7207388619770114,37.42903923874615,25.043696230224864,0.47439735303736796,1.1613192119222413,0.010462680113475176,1.1440174616216283,0.028468209576034353,39478.50584452602,3339.49002164778,0.3354345386042638,0.2897632934676433,,5.661036241996816,0.08073868559177244,1.0192179263733674,0.01115032350601397,0.00023747546037711838,7.274734815978843e-05,0.0004864731798386926,0.0001016458684073156,,,-0.03471069171386639,0.008723691481728812,0.10604511866639699,0.00918591035690032,,,21.617692172878,30.30079890829249,,10.43,0.004,11.716,0.009
522_B,83.81787499999999,-5.369555555555555,05 35 16.29,-05 22 10.4,19,1,12,450.0,"[36, 37, 38, 39]","[40, 41, 41, 40]",3134.3871483997127,37.78221703367967,21.844232195913563,1.2550349390805806,36.64585407956736,24.26051107104607,0.6513507129741676,1.1245741190173464,0.014410744614481885,1.2141695507483181,0.05404975319518046,91200.9081160479,8720.679435276099,0.9992758072600038,0.8472122618115498,,6.331730213840286,0.135781728673384,1.0004282555797182,0.0004928309996755642,0.00014343659441121777,5.006509228877499e-05,0.00023807668467597763,6.586942543299987e-05,,,0.12374034843995053,0.01392518370223908,0.08297900045484831,0.015533760854381629,,,12.463971651447741,19.997957044063742,,10.43,0.004,11.716,0.009
145,83.81629166666664,-5.404972222222223,05 35 15.91,-05 24 17.9,19,1,12,600.0,"[42, 43, 44, 45]","[40, 41, 41, 40]",3422.448713055547,202.673182881711,14.49178432272181,7.648649121881422,35.963759786176915,23.442253360273362,2.498788832029472,1.1091645136735815,0.06321516270252636,0.625551986457317,0.1295342564958062,79645.43813205945,42768.77162987711,0.6728126602171565,0.5812878389862786,,8.003090339719238,1.7072238188351179,1.000460346107898,0.00047373635245073764,0.064240177276639,0.05823784974165171,0.05265704520036568,0.013992692162034035,,,-0.18056971790516546,0.1610538220631621,0.18446122061198286,0.10026266708174988,,,1.9664469828318585,4.70050453983763,,12.932,0.017,13.724,0.014
202,83.81666666666665,-5.398055555555556,05 35 16.00,-05 23 53.0,19,1,12,120.0,"[46, 47, 48, 49]","[50, 51, 51, 50]",3397.4116365222835,23.621519376258902,40.40814889650892,0.9879971676748447,38.358361210092454,25.715968489265215,0.641137917511319,1.0408246244802244,0.008540880846380272,1.084600047030307,0.0260754146107387,77992.3203250713,5688.272650166939,0.6717922645973415,0.5798217412035103,,5.328685355857077,0.08409746009676589,1.1302317763707932,0.01388803458900123,0.5782362929243394,0.20663053178421623,1.2873818254108365,0.280354300357033,,,-0.41252187871414636,0.007779443957841886,0.16641209012479402,0.008580750473696316,,,27.218019919082476,36.41943545047626,,9.002,0.007,9.807,0.006
188,83.83174999999999,-5.39925,05 35 19.62,-05 23 57.3,19,1,12,600.0,"[52, 53, 54, 55]","[50, 51, 51, 50]",3524.3418031112533,24.072514976301363,7.490328620751873,0.40623791104096396,42.25571884434452,29.522707020927047,0.21993401418099268,1.0116084292063725,0.010186839045330909,1.0440100333460787,0.056104656112464235,289.58420284438796,338.280579189999,0.0022655631422329003,0.0019645044788955705,,4.9555384513129885,0.1353862473756009,1.0008694314720845,0.0009325104695817599,0.07860011030891256,0.02971689589501149,0.4371493805522084,0.09384429689262974,,,-0.36555296648110913,0.014031082030014436,0.12140078205551395,0.014689558265128876,,,9.645026821680288,19.040704670726555,,11.594,0.004,11.797,0.003
302,83.81133333333332,-5.389694444444445,05 35 14.72,-05 23 22.9,19,1,13,450.0,"[41, 42, 43, 44]","[39, 40, 40, 39]",3560.151965967291,14.346415887256626,14.218209309672641,0.5176446883680201,41.923962534163294,29.188957513853556,0.168133521095303,1.293711483276626,0.008714228668694313,0.7398978345160859,0.011082774907060944,71876.80145660808,3178.973917929565,0.5481713014115679,0.4756162864901957,,5.464020364790127,0.08306127097933569,1.0360384158257838,0.011458028898794215,0.5051779892103405,0.11338692527086637,0.6949711793554862,0.14246794691913994,,,0.013085137125280994,0.0048737201386085775,-0.12158426946002932,0.00660739785810166,,,33.533453691318776,33.7440545267304,,10.541,0.003,11.422,0.004
275,83.81220833333332,-5.391416666666667,05 35 14.93,-05 23 29.1,19,1,13,450.0,"[47, 48]","[45, 46]",3874.427890517193,16.50869750989773,17.82694414429862,0.19811537557447423,43.67032293187337,30.842188456651627,0.11660078695881992,1.1157969583604712,0.0073404822982661155,0.7603854242394277,0.01233610653082795,87.26446093370194,105.7621394201232,0.0005412015460482294,0.00047218936304288105,,5.301813112569376,0.03530694843951254,1.5881663215405748,0.0180450098816205,2.1587998745543944,0.48121641982873486,2.967395468373076,0.6177059794309046,,,-0.2973782910263044,0.005133713486515923,-0.45644865229118814,0.00710559684075307,,,52.348365108754095,56.58155913183271,,10.191,0.003,10.863,0.004
245,83.81229166666665,-5.39425,05 35 14.95,-05 23 39.3,19,1,13,180.0,"[49, 50, 51, 52]","[53, 54, 54, 53]",3916.9928785376333,21.743628513675276,17.36229231179708,0.21682349726180838,44.11198343043301,31.21914436507925,0.12930685563189925,1.0648000693743458,0.009361179536401476,0.7396766920436064,0.014019320878723762,123.82218012058323,136.17578961341846,0.0007495903571992361,0.0006545624057953565,,5.059641412710483,0.06948798331981854,1.2828279874691777,0.014929332564437292,1.995824028432967,0.44548814060831476,2.7492456482033374,0.5617002960168752,,,0.0746268220922556,0.00486396461402426,-0.5590610786094353,0.007837507650630016,,,37.898847756456625,40.76081214307502,,9.517,0.003,9.818,0.003
258,83.80999999999997,-5.3926944444444445,05 35 14.40,-05 23 33.7,19,1,13,180.0,"[55, 56, 57, 58]","[53, 54, 54, 53]",3587.7924249223156,17.422566002136136,7.5401008250370385,0.42684959195150896,41.00906893679177,28.029642657569447,0.14209164198608804,1.0159509720023736,0.006858825965315063,0.7369279787387042,0.01126102924738992,129917.82892750404,4249.80940892201,0.9715608740024119,0.843501815182406,,5.551423572737637,0.07239765539917098,1.2097580579188456,0.013819264100082607,0.9977341356162954,0.26297798692272495,1.4740911793049518,0.34733388160066736,,,0.26716128201904504,0.004539108537527814,-0.23720197999523543,0.0073496065700683205,,,42.76785483258365,45.38406463438927,,9.386,0.002,9.858,0.004
220,83.81174999999999,-5.39625,05 35 14.82,-05 23 46.5,19,1,13,600.0,"[59, 60, 61, 63]","[64, 65, 65, 64]",3505.2528239630315,12.646937275408845,9.34756414423004,0.6818635384419318,46.587178227168366,33.54059966805231,0.1173488528089166,1.0052913731523725,0.004762706714734,0.6918803000272734,0.017677684609348765,3732.1686450058373,1862.409302823467,0.02960277428098602,0.02565800779317256,,5.0384939758160785,0.11122743535068347,1.0019460595368839,0.002183416468506949,0.3798579992161686,0.09731158205621217,0.5441717788459556,0.12209928686554074,,,0.1802718231851345,0.006492685866443013,-0.1165183011761563,0.01002991494339777,,,22.479013184281033,25.195883538273772,,11.514,0.005,11.864,0.004
344,83.81570833333332,-5.386083333333334,05 35 15.77,-05 23 09.9,19,1,13,120.0,"[66, 67, 68, 69]","[64, 65, 65, 64]",4550.235553554684,182.6893036553688,99.68394071100057,0.3867525851692619,46.24510221554054,33.08751012676569,1.7250149327063156,1.0300537055673116,0.00630234450288869,0.7285709047380239,0.010130336488709313,237920.3172924961,23479.23709940011,1.1381643750146235,1.0006302762984398,,4.800409581898847,0.037128593009815525,3.2575342019117306,0.03641373168902273,4.901576449307925,2.199488386289862,8.966325207692748,2.7272345565396483,,,0.010642831114577938,0.004030737630066461,-0.3045115016538906,0.006102058307607183,,,127.16592303544353,134.3165450789025,,,,,
370,83.81616666666665,-5.383888888888889,05 35 15.88,-05 23 02.0,19,1,16,180.0,"[83, 84, 85, 86]","[87, 88, 88, 87]",3848.6796394464513,28.607786363337027,14.742245767532584,0.4377392804569791,45.14370698427424,31.159983865513034,0.16930337849773736,1.1587995841424872,0.007710425206900573,0.5008956358798939,0.0010295907438746532,121676.18902762831,5209.252585984999,0.7658813559329228,0.6681641123302486,,5.445378601515837,0.07229834990406969,1.0014855157094127,0.0018109824380231343,0.789171220122729,0.18501750675822895,1.151937016840371,0.2574193631887859,,,-0.05787190176927668,0.005329752796212485,-0.1973803319600763,0.006673519552771012,,,33.45222186581775,35.23789478745427,,9.831,0.006,10.32,0.005
389,83.81516666666666,-5.3823333333333325,05 35 15.64,-05 22 56.4,19,1,16,120.0,"[89, 90, 91, 92]","[87, 88, 88, 87]",3576.0729307180923,17.814771121355307,27.57560976844855,0.5111530044448003,44.946135006899254,30.885747120955443,0.3398824621823593,1.074542099186797,0.004988146450196518,0.5005965665219988,0.0006525441421041389,99598.74430890859,4177.82116517704,0.7511979177328885,0.6519604986722846,,5.94307769982197,0.027923003029297178,2.219496521246298,0.02486195799411628,3.5576392098971894,0.9038854121526009,5.56623765420176,1.3322109340249133,,,0.008632880017173862,0.0052738046702453,-0.045735298481773747,0.006543025787848832,,,90.448228545005,93.99036173287107,,,,,
386,83.81362499999997,-5.382416666666666,05 35 15.27,-05 22 56.7,19,1,16,120.0,"[93, 94, 95, 96]","[97, 98, 98, 97]",3684.881639111265,15.042572521143484,12.534671197733603,0.13064630914482134,42.061020638578604,27.94497219276728,0.13815258224131455,1.0261270330602974,0.0078988184073161,0.5012929649367659,0.001632944857634877,11928.166787400916,1487.8109169656682,0.08337632316562205,0.07255482448990307,,6.218545985880105,0.07622965293554884,1.2996708087180238,0.01859550637053753,2.54831298575594,0.6252158313381596,3.6758505352307287,0.8281580924442613,,,0.009325547168376865,0.007140621453448594,0.35935557694349357,0.009273458904592441,,,41.02461326306279,45.201228443852195,,9.189,0.011,9.504,0.006
398,83.81333333333332,-5.381777777777778,05 35 15.20,-05 22 54.4,19,1,16,120.0,"[99, 100, 101, 102]","[97, 98, 98, 97]",4478.406913020264,223.74839934697775,26.39991793878536,1.7565193773045245,39.24533162832606,25.067763943079584,0.7267381578376586,1.0011460664945038,0.0016247902337277464,0.5003864090606347,0.0004638066644781502,1163395.326306259,77908.05867916346,5.67383499649053,4.985062474062599,,5.696625776539668,0.03363572563752726,1.3814179191755116,0.014611382192246003,0.8443279312887899,0.2494992421134393,1.0584887760171817,0.30585834389606986,,,0.03097431401951915,0.004956502942693244,0.41713126564333736,0.006714309334850815,,,64.33761362771546,64.91031801975838,,,,9.365,0.005
413,83.81454166666666,-5.380166666666666,05 35 15.49,-05 22 48.6,19,1,16,180.0,"[113, 114, 115, 116]","[117, 118, 118, 117]",3660.106349738421,27.656089140467884,28.56250391315282,0.5226578075329655,39.96994842443791,25.595252949625607,0.2964257978170117,1.0058760417805648,0.005370608266482724,0.5029541482038032,0.00340886075212532,7612.217695898884,3166.038971307769,0.05411929694054306,0.0470643274913006,,4.884948858280453,0.08894348593645729,1.000902644644719,0.0010562472375561516,0.8216617997632558,0.1894849236856526,1.1872484170138429,0.25623940222790426,,,-0.2522031152811216,0.0078763994390227,-0.5032122685542078,0.012123451590770912,,,19.86752708654901,21.729193146313982,,9.831,0.006,10.204,0.003
253,83.82587499999998,-5.393305555555556,05 35 18.21,-05 23 35.9,19,1,16,120.0,"[119, 120, 121, 122]","[117, 118, 118, 117]",4084.3883281675608,153.33267074347668,6.389560916446296,1.3233791870051528,43.077135496360896,28.608874106515294,0.3334637694937044,1.0780271612844912,0.011476636425043596,0.5031532785078491,0.0033691488209939835,549992.4551407044,39160.53100480535,3.0567395813054086,2.674691228729267,,4.813545522731764,0.08188328225475905,1.001209269193661,0.0012175058623540291,0.5344115632951354,0.14390768637220303,0.7090668565021003,0.14496363899910086,,,-0.07124935791689799,0.007873853937149865,-0.1908079522694124,0.009524155148930707,,,26.195069875485224,25.609484046802343,,,,,
288,83.82966666666665,-5.3908611111111115,05 35 19.12,-05 23 27.1,19,1,17,450.0,"[38, 39, 40, 41]","[42, 43, 43, 42]",3706.965761516489,26.410810320401424,18.693850586384123,0.5018976421550754,40.64271906261904,26.33089219080392,0.2466290307266341,1.2367865152541793,0.012255341884460647,0.6585146307217727,0.013239928220081743,37987.963901364776,4045.633638249201,0.2615195364115133,0.227722044570023,,5.453896603524085,0.07407486602326374,1.0010185606512385,0.0013365714382532756,0.3697703613617904,0.07982967425891722,0.5071917934692376,0.10273268354201762,,,-0.05638341418145269,0.00724896832623885,0.15703492448313108,0.009845467624491663,,,24.252059313691763,25.309004690222324,,10.622,0.004,11.064,0.003
420,83.81599999999999,-5.379416666666666,05 35 15.84,-05 22 45.9,19,1,17,450.0,"[44, 45, 46, 47]","[42, 43, 43, 42]",3525.85145707861,10.675963925020142,24.77533742718778,0.24313397462718989,40.30603013805421,25.862014110834526,0.18060177115125242,1.052056133958895,0.00980583181918726,0.6004318863805251,0.011189312302915644,134.8958089806427,156.352327722619,0.001054172446510377,0.0009141846722536218,,5.4423650050723955,0.0591329393639235,1.1830698798769228,0.012933055886043543,0.6020876704740319,0.15317954818849364,0.9243261348256191,0.209164689582058,,,-0.003943035737340577,0.0058658406242125954,0.24143563458842887,0.008649222020950947,,,35.0891988469072,38.581592171674274,,10.678,0.01,10.804,0.004
412,83.81808333333332,-5.380305555555555,05 35 16.34,-05 22 49.1,19,1,17,450.0,"[48, 49, 50, 51]","[62, 63, 63, 62]",3565.760987181958,22.15629456180841,32.29598570428455,0.7055179389322159,46.9881641476609,32.467989915218254,0.3954627625132261,1.0134646496796649,0.006676934171472748,0.5440712117286524,0.008229466473156144,122052.98578653764,5517.791400081762,0.9271795207930955,0.8045380122942132,,5.057969052691707,0.0399539718787163,1.0030347220055327,0.003347630588304229,0.34591941473545873,0.08852245906213715,0.538758838698854,0.11961559287021406,,,-0.15794506142262998,0.004618353736350098,-0.22347476573120456,0.007256442490535794,,,36.59880922997152,37.75632860169104,,10.473,0.007,10.964,0.004
282,83.82866666666665,-5.391361111111111,05 35 18.88,-05 23 28.9,19,1,17,450.0,"[54, 55, 56, 57]","[52, 53, 53, 52]",3410.2357330638315,24.972473967064616,6.273442350243742,1.3481273447347002,41.55192903709467,26.85712700577752,0.24154763156725778,1.0050030953294902,0.0049404860264694594,0.5031064496460292,0.003243776129931486,146659.63470742505,9031.577052121022,1.2505393166771577,1.0799954079433436,,5.166838841756772,0.11402037577427526,1.0006244682161038,0.0007148986789277112,0.010069632449339373,0.0026440766015707216,0.36002466542612965,0.07913175299492235,,,-0.19151531126360208,0.009203775098243425,-0.23558054777576598,0.012993799293364361,,,20.01676417908173,21.478367231009152,,10.944,0.007,11.565,0.005
217,83.83770833333331,-5.396944444444445,05 35 21.05,-05 23 49.0,19,1,17,180.0,"[58, 59, 60, 61]","[62, 63, 63, 62]",3647.1456306953914,18.638840291783254,47.09781397128311,0.6394325905758862,44.23265359156432,29.46353273129988,0.46315097545766903,1.0675047745470387,0.0059476231371594634,0.502139722986911,0.002383940502437898,36231.159373529146,2603.5309143828854,0.2599215778750035,0.22592108010664214,,5.683552125142665,0.030270364379235914,1.8895139139234154,0.024324470621829297,2.7760187717581335,0.8151515810456327,4.454252250075122,1.061793945905872,,,-0.11164940839058377,0.0042137982097619,-0.19570009384824558,0.006555714399049839,,,80.98197337301026,86.97653772292404,,,,,
217,83.83770833333331,-5.396944444444445,05 35 21.05,-05 23 49.0,20,1,18,120.0,"[27, 28, 29, 30]","[31, 32, 32, 31]",3628.5992671513086,21.515782286465992,46.93994817111438,0.6516357332191873,44.655125638390686,29.547781150448216,0.49041658740549465,1.0518712518476152,0.00634543170104751,0.5003605621887185,0.00041830917822727187,34556.22902727113,3033.685089139377,0.2511219358021567,0.21821375508366553,,4.676447041706221,0.041745827014913583,1.6107442909684322,0.0181917946361424,3.078927741560893,0.7712850855804567,4.393693359351172,0.9598442214459255,,,0.1293758576325755,0.004428081588013007,0.41643593391538447,0.006024006927466824,,,58.929779052734375,62.49268341064453,,,,,
229,83.83904166666665,-5.395944444444445,05 35 21.37,-05 23 45.4,20,1,18,450.0,"[33, 34, 35, 36]","[31, 32, 32, 31]",3582.8843475905564,57.65600742072934,13.84090359226573,1.2945500008024728,43.595238607042994,28.391641322743613,0.6386730483353773,1.0130365298507777,0.013672909165503122,0.5045576045217055,0.005627774610006353,29076.70737859858,8379.380734865377,0.21822521796116182,0.18943408636018985,,5.022582224844038,0.23817300424365007,1.0003914605657254,0.000499006174995209,0.23070683465440855,0.061086008653713005,0.2843096166584148,0.05888178436253939,,,0.07364217829467026,0.02584797492498576,0.16492589414510142,0.03055067443192197,,,7.424779891967773,7.731104850769043,,10.278,0.003,10.904,0.004
228,83.80249999999998,-5.395611111111111,05 35 12.60,-05 23 44.2,20,1,19,120.0,"[31, 32, 33, 34]","[35, 36, 36, 35]",3804.413710139414,45.56447222008501,40.58727236602612,0.8177816133386813,42.39390688097306,27.136004024705763,0.6179685076895467,1.0114341055138851,0.007167339376664472,0.9236099624865183,0.015335978344599932,81461.90101351382,7291.205854887106,0.5260933629139907,0.45886059868519685,,4.636689670326242,0.08148708760429058,2.7370744592714145,0.029524226167517043,3.1798481930477642,0.7586881346561165,4.428513904161498,0.9675457700111494,,,-0.08777907408333976,0.005788875267188506,0.33459562579364627,0.007282112300378368,,,70.1720920422625,73.14208116666197,,,,9.229,0.003
224,83.79474999999998,-5.3957500000000005,05 35 10.74,-05 23 44.7,20,1,19,90.0,"[37, 38, 39, 40]","[35, 36, 36, 35]",3887.486169816029,32.52798512830259,25.057898187330657,0.3486561829783419,41.36789146802723,25.830483743402127,0.18738482997477846,1.122974443432084,0.009636171297532803,0.8771416355833371,0.01638260045103146,86.38916467668025,104.89950392191429,0.0005317040563668088,0.00046408040625163424,,4.781330632243391,0.0628209369112267,4.301369257813003,0.05169339068752743,11.802872180506672,2.8853563564019153,16.404108686254965,3.5391205978525395,,,-0.03398393113902927,0.006231681263688666,0.3532055489268741,0.009117046868402728,,,93.00744072440722,100.5974346946843,,,,,
135,83.80949999999999,-5.406861111111112,05 35 14.28,-05 24 24.7,20,1,19,180.0,"[41, 42, 43, 44]","[35, 36, 36, 35]",3651.208246235048,37.6299756988858,49.65133265633681,1.1982974302363267,44.184844640161636,28.61684920406013,0.9800868105168021,1.1696149667890563,0.011732828528552841,0.9174631274276902,0.020346423931938307,41316.28022621069,5514.671237014103,0.2956056933164871,0.25695259615455246,,5.164872839300149,0.07945088108950182,1.0721859726790726,0.012120456204251284,0.6906190716009357,0.16015461062863112,1.1098768726636967,0.2781883640235785,,,0.03841029980809662,0.007602473858796886,0.4153172378718617,0.010702907277238383,,,20.793744183693356,22.918877077817733,,9.131,0.003,9.543,0.003
440,83.82233333333332,-5.376611111111111,05 35 17.36,-05 22 35.8,20,1,20,120.0,"[32, 33, 34, 35]","[40, 41, 41, 40]",3717.7503429695403,54.36778448096197,24.642617736217076,1.0650328664358764,43.37438555469083,27.81858224995526,0.697517900064998,1.0259892148938858,0.011632026306323207,0.6427589536996497,0.016233361745381036,211628.74553284235,18907.749927246958,1.446270358095296,1.2598263562143608,,5.020591364581275,0.0878037763765267,1.1913582132473066,0.012781398089363405,0.5457886076630922,0.13880934861469446,0.7078621129977876,0.15199077151542084,,,-0.05611531015972439,0.008251803197033124,0.40410089092014545,0.012959536834194235,,,24.04320604759996,23.405764746091457,,,,9.552,0.003
450,83.82087499999999,-5.375861111111111,05 35 17.01,-05 22 33.1,20,1,20,300.0,"[36, 37, 38, 39]","[40, 41, 41, 40]",3667.629211700813,21.03049624508708,13.22220629590956,0.290478068542817,41.47003618113141,25.87887984603047,0.17505668670220942,1.0076448694663311,0.00736698361099597,0.5869980505953908,0.017871458594013456,525.1707926837145,629.1753018430107,0.0037145486740821623,0.00323111919413619,,5.21500992447541,0.09391168869768807,1.056777169072753,0.01335944890080809,0.8252135914533094,0.18026371360162155,1.0795477308152674,0.21767114019147304,,,-0.09563923880159775,0.011784892193991273,0.24666332323094486,0.012153495630197506,,,18.814788984433626,20.206045806829792,,9.674,0.003,9.994,0.003
277,83.83524999999999,-5.391583333333334,05 35 20.46,-05 23 29.7,20,1,20,300.0,"[42, 43, 44, 45]","[40, 41, 41, 40]",3450.9827601930183,22.505860170537062,13.602284818961543,0.663443689359025,41.62817743456872,25.93213325205663,0.34302670215999953,1.0045797844464799,0.005138883008390049,0.5265960797672591,0.017521553035431403,40481.788807130346,4346.281446003311,0.33458918168959656,0.28936466747437545,,5.343049395021523,0.14222112117655472,1.0010715681778235,0.0013502725388445658,0.32611930960873203,0.07658528979750176,0.439096255115184,0.09706639105303987,,,-0.11123594744743794,0.013383752167213617,0.24573177583290717,0.01617015030470384,,,13.824556514151796,14.44360261966955,,9.125,0.003,9.848,0.004
204,83.840875,-5.398305555555556,05 35 21.81,-05 23 53.9,20,1,20,300.0,"[46, 47, 48, 49]","[40, 41, 41, 40]",3728.4163417023956,36.41867436966277,47.35031417394929,1.103275711528628,39.69966002916165,23.95016040902136,0.6507882915903203,1.0328647230775623,0.01144028224040372,0.5256484938637488,0.012993321621363074,46313.30796938334,5578.381937165217,0.31425563537412265,0.27381804519658576,,5.3403507098613545,0.08240637314575894,1.2872485708025962,0.01402468478823693,0.5695761414801925,0.12781847563882992,0.7358332292480796,0.15420058911967116,,,-0.10915285671770238,0.008214112985861673,0.2909744900300491,0.01194796706934273,,,29.829641824646124,30.955356214080503,,9.372,0.003,9.783,0.003
229,83.83904166666665,-5.395944444444445,05 35 21.37,-05 23 45.4,20,1,20,450.0,"[50, 51, 52, 53]","[58, 59, 59, 58]",3632.784604919359,29.763309417875917,13.386098592524636,0.5905716190995083,44.21286450234805,28.39650241154939,0.26125074848457785,1.0130974848108842,0.010951908488743167,0.5569875845387814,0.023618233894284413,23051.483269633758,3842.862569856454,0.16703921413614115,0.14515025578798135,,5.316675102678932,0.13716261199752866,1.0013538822057995,0.0017070499660570837,0.38433588248087247,0.08536592033292319,0.5048112886752582,0.10242178120263516,,,0.0026891196304019583,0.013328152802761246,0.13864889700274863,0.016204495625733527,,,14.292544197571228,15.172784572832805,,10.278,0.003,10.904,0.004
214,83.82945833333332,-5.397111111111111,05 35 19.07,-05 23 49.6,20,1,20,450.0,"[54, 55, 56, 57]","[58, 59, 59, 58]",3761.8305138531564,178.31366047693155,15.878822137064647,2.794017266701922,52.832436981799454,36.93488017679299,1.0519498041515547,1.100818648698065,0.01655273715349359,0.5581176071968228,0.02039251560643701,610675.674587873,120467.4158100636,4.054447818534822,3.533415886754148,,5.2753289135491706,0.10912738076608264,1.002911314740665,0.0033339105155372195,0.11272039824907965,0.05818962719486576,0.12678774262093429,0.053198851837189955,,,0.02852678432113042,0.010725499963411496,0.23003295122547238,0.016254789795467586,,,16.265892143590612,15.456220974067296,,10.085,0.002,11.118,0.003
215,83.80116666666666,-5.396694444444445,05 35 12.28,-05 23 48.1,20,1,21,300.0,"[29, 30, 31, 32]","[61, 62, 62, 61]",3674.4336158806323,31.517327338877294,10.03636584486327,0.6257434389598782,43.94965236705639,28.137064281936,0.262190905595741,1.0681494824725648,0.02032733726201108,0.707025352568865,0.026480754345887703,31570.735864659804,4447.117070155895,0.22230116772861186,0.1933532450536753,,5.3304073467280935,0.13078182644127478,1.0008027921363543,0.0010614990509839606,0.4430556709336766,0.1023949226925115,0.5834482433867163,0.12501345655992807,,,-0.10424843464988019,0.011758460755264787,0.02944388109855879,0.016840119673573833,,,13.39171256068483,14.319536104916214,,9.72,0.003,10.027,0.003
240,83.80604166666666,-5.394555555555556,05 35 13.45,-05 23 40.4,20,1,21,300.0,"[33, 34, 35, 36]","[37, 38, 38, 37]",3667.133775804086,75.11494332336702,15.859765170996486,1.306554397435221,42.605771177166446,26.739800534176123,0.5950699606457839,1.0664702313579468,0.009063138786914005,0.7191595037112103,0.014041983651739476,609534.7535112478,63583.74355345941,4.312593404208537,3.751445359786382,,5.5785756312496195,0.07531409716552862,1.5420713397720627,0.017060188184326308,0.3294725088561776,0.08048021140396887,0.47671114539909354,0.11102078036498056,,,-0.19394019929667772,0.006029669149323291,-0.3740312642049927,0.009548621485545666,,,43.021477057951344,42.44067932304483,,9.469,0.003,10.497,0.003
546,83.81249999999999,-5.366666666666666,05 35 15.00,-05 22 00.0,20,1,21,300.0,"[39, 40, 41, 42]","[51, 52, 52, 51]",3758.9257693897716,34.90065889569223,17.306637071466447,0.622687362748529,37.28763288399922,21.337642695819405,0.27737549371134307,1.0128929925746233,0.009943886524993562,0.6074972140601101,0.01890559744157827,41414.5024300323,4760.856815517764,0.27547555577649363,0.24007322174222961,,5.697600416306319,0.11129625573703406,2.3314580609208324,0.02722869179801002,1.4256412172473274,0.3423802171731555,2.015680954374143,0.4241687764292209,,,0.01606622339115938,0.009146823564282425,-0.19228405165155954,0.013071668705129144,,,45.01698146365269,48.29664649831368,,9.841,0.003,10.027,0.003
504,83.81395833333332,-5.3709999999999996,05 35 15.35,-05 22 15.6,20,1,21,120.0,"[43, 44, 45, 46]","[51, 52, 52, 51]",3497.022618729413,90.05724661322574,31.998375306470376,2.388046272485976,45.876975087229994,29.86069632683447,1.326901820579689,1.0054305486724187,0.005431156600128495,0.6247930081886396,0.01801086185031059,505865.555482292,68598.95737123233,4.036844798157127,3.497604485394419,,5.191810761975309,0.08034143212184253,4.432554331417012,0.050572468303947016,1.4413468970155066,0.3773548009877359,2.080625774398648,0.47051212823342625,,,0.0008912681646581913,0.008533999022760145,-0.2752288036355955,0.011716478466866936,,,97.16419213765549,96.94753455277949,,,,9.208,0.003
703,83.80749999999999,-5.3686388888888885,05 35 13.80,-05 22 07.1,20,1,21,300.0,"[47, 48, 49, 50]","[51, 52, 52, 51]",3536.2861030911995,30.529514810748424,11.01702794250182,0.7135940841398254,48.80919654571955,32.748950543113224,0.3051282624521079,1.0051598423882349,0.005066765620164504,0.6209713491533745,0.01850974293686003,187799.55593210977,11871.529032601204,1.4565700992675221,1.263465184532227,,5.416747837219068,0.07869500366611559,3.707940206514173,0.037801203341986334,1.7596947246804593,0.4187258501406946,2.418925672752252,0.5031796402365672,,,0.08446516680745111,0.008637965315627723,-0.21474049856474553,0.01200530197800724,,,79.74109701018048,81.3043147597914,,9.325,0.004,9.856,0.003
431,83.81216666666664,-5.377527777777777,05 35 14.92,-05 22 39.1,20,1,21,120.0,"[53, 54, 55, 56]","[37, 38, 38, 37]",3623.0603952335655,27.03910075535191,19.861052855581605,0.5827561023032217,49.14802362069415,32.98319359259451,0.27656118401251817,1.0302617141021226,0.009808020375708937,0.6812853110639115,0.012282781359865269,102954.60258095941,6251.91211970499,0.751163700228127,0.6525991035647052,,4.923276313903239,0.04811117370816653,1.6769892053183524,0.019901891582781883,1.7785990743235178,0.41065819396389175,2.380192584822609,0.47790884527223715,,,-0.22234217576916282,0.006173030509079441,-0.29983139226963706,0.009111457292415942,,,42.161313772712205,43.20006511502131,,,,9.273,0.004
229,83.83904166666665,-5.395944444444445,05 35 21.37,-05 23 45.4,20,1,21,450.0,"[58, 59, 60]","[61, 62, 62]",3650.537038377526,24.301784939665595,13.334584823299906,0.27126233644922504,44.40543117302724,28.1536325194637,0.20185083543949744,1.1101275845180776,0.015233310761205598,0.6171353031275395,0.018590623307825682,23289.723151907197,3235.95962566056,0.16671087539903645,0.14490970146855012,,4.9672240019444045,0.09211389448449836,1.0815661618462344,0.011190407042518724,0.5440203515231308,0.12454394684567074,0.6940252370018787,0.1413779907876249,,,-0.07560676298666076,0.007440595008223187,0.15780739891444417,0.011801400023672443,,,19.282925692885375,20.003704833969888,,10.278,0.003,10.904,0.004
484,83.82041666666666,-5.372916666666666,05 35 16.90,-05 22 22.5,21,2,1,300.0,"[27, 28, 29, 30]","[37, 38, 38, 37]",3979.0469963837177,23.28115783462181,25.14919220020537,0.1913578999158414,50.85101324449924,30.662970193944,0.24140703100096417,1.1230367563944925,0.010233321826330521,0.6658200016161584,0.014771782125072241,110.5940767592664,151.77274148417575,0.0006473412629528733,0.000565489106275518,,5.439028320650131,0.04097670041705381,1.402488516211157,0.01589690912401398,1.216485505281112,0.27597667436049406,1.6253317786559593,0.3367420513996102,,,0.2412566149681229,0.006913554475052944,0.609519423700189,0.009260981568985638,,,33.412877796930715,37.15235326984342,,9.515,0.003,9.884,0.004
476,83.81395833333332,-5.373666666666666,05 35 15.35,-05 22 25.2,21,2,1,300.0,"[31, 32, 33, 34, 35, 36]","[37, 38, 38, 37, 37, 38]",3447.044397588456,29.397941437033978,9.922140742781016,1.0937368179123927,51.668448617661475,31.380748603991577,0.3847706701859508,1.3110777605844914,0.017017059473276475,0.6060854417647306,0.017382518570160266,158553.5602979572,10871.688495493843,1.3144946158955586,1.1367343573328783,,4.817699489316039,0.09328534762385443,1.0057871250268302,0.006064267985742777,0.21840465550500476,0.05616367822940521,0.36010816336130835,0.07294108553241577,,,-0.042367573096608734,0.009013375154751282,0.20114728855144268,0.01195462342601794,,,15.899724565238477,17.142485370640994,,10.053,0.013,11.038,0.008
546,83.81249999999999,-5.366666666666666,05 35 15.00,-05 22 00.0,21,10,20,300.0,"[7, 8, 9, 10]","[11, 12, 12, 11]",3760.6915085788337,31.863101708332124,15.050767189765143,0.10586339041086568,4.307879905852616,25.994355272639513,0.19132987299677806,1.1633818686136006,0.011563734058257169,5.286510326865095,0.08200675555238535,40042.44727091542,3690.6951733029164,0.2660417004663862,0.23186010837325746,,5.272478627798949,0.08233103672934705,1.9085749998215036,0.024252236062798915,1.6101312408015174,0.40273770668467107,2.254111799698701,0.48846402096454705,,,0.3328977545411694,0.004344423378790929,0.49613332244710945,0.008689792624399284,,,39.32078121824827,46.12598557700739,,9.841,0.003,10.027,0.003
217,83.83770833333331,-5.396944444444445,05 35 21.05,-05 23 49.0,21,10,20,120.0,"[13, 14, 15, 16]","[25, 26, 26, 25]",3667.708876652873,36.87326547030716,46.86430628464969,0.8765359276900533,7.569767376670993,29.183625820745565,0.6851994256588734,1.102793244840635,0.009570974499333973,5.513328524144826,0.05842098826862907,41896.742605578125,4882.207118984516,0.29632260591673176,0.25775621142525673,,5.431182723362657,0.03194266389202882,2.8048574134008954,0.035315666600250095,4.046110469112165,1.219611625197422,6.092949320096142,1.3837543155430052,,,0.39786621082071305,0.004340752924812841,-0.14381425867403322,0.008200394818213386,,,67.16727634035178,74.90011170211713,,,,,
277,83.83524999999999,-5.391583333333334,05 35 20.46,-05 23 29.7,21,10,20,600.0,"[17, 18]","[25, 26]",3496.221433838326,20.799495539698682,12.52478739949747,0.5344383333610647,3.8694937311298907,25.409316054742224,0.22625400392429107,1.019879148206413,0.009294982180960365,5.756736723668587,0.07285743182928783,112374.59038774972,5372.982787816451,0.8973146171706218,0.7774310062522197,,5.161017099465677,0.07559157729364419,2.8576197300906454,0.03194782563347065,1.8735557799515998,0.5049997479023571,2.6553715843139862,0.5933139646642339,,,0.43191678954509943,0.004297939301339704,-0.08534463819558918,0.008654832057842815,,,67.08535777866969,74.91257238562545,,9.125,0.003,9.848,0.004
435,83.81749999999998,-5.377083333333333,05 35 16.20,-05 22 37.5,21,10,20,600.0,"[22, 23, 24]","[25, 26, 26]",3242.5562108411327,16.412841674746232,29.862302302884025,0.35465751161651937,6.470276770696118,27.833845239805818,0.29030913329999297,1.0753331250506668,0.01110864050288829,5.420093939262861,0.07905360580735055,135.33761540039347,159.5666561683274,0.0013355583122244264,0.0011412352291512752,,5.518274683414218,0.08199082905948707,1.3458840053481123,0.01596248845550119,0.38172818947584464,0.13835922925191266,0.6695861289854965,0.15758226899980257,,,0.5015788002204404,0.006813537213252285,-0.07141367529965485,0.0108849120385991,,,24.894990061355543,30.597977912232444,,11.046,0.006,11.646,0.004
457,83.81974999999998,-5.37536111111111,05 35 16.74,-05 22 31.3,22,1,18,750.0,"[24, 25, 26, 27]","[28, 29, 29, 28]",3373.1114942394215,15.164370059425664,8.226766282135966,0.6605173659060619,42.73142687598276,27.943921125234176,0.1442863230645237,1.3079962178236295,0.01407425417112329,1.0717914881778223,0.026259976328357526,30449.73992635372,2642.7234609295283,0.2677190376629194,0.2307647403364895,,5.2253181135356845,0.08871979002992259,1.3062294456204844,0.014251614581269334,0.3236009711180752,0.08581743023821575,0.46534723175375303,0.0989301399763834,,,0.10851341845714611,0.00764095534813751,0.2648346451518868,0.009785753396277935,,,23.020726783171135,25.75795061549683,,11.528,0.008,12.08,0.003
479,83.81795833333331,-5.373333333333333,05 35 16.31,-05 22 24.0,22,1,18,900.0,"[31, 32, 33, 34]","[28, 29, 29, 28]",3656.890570482777,74.53896428043481,14.896541546407665,1.40796335069812,45.28207616772307,30.351406871978625,0.5819759792404788,1.0286148778121975,0.01758747112494541,1.1208764486214113,0.03993948038259265,210841.92448800948,26191.34406907801,1.5025141509997018,1.3063864051013352,,5.3303599602379315,0.12189435729149789,1.0052083257359623,0.005135295130389794,0.08457928688309979,0.020579427370514883,0.12586138584808837,0.025320139190335867,,,0.16387121826577358,0.011726318925017992,0.2945039352781992,0.02015973792793016,,,13.81016830428278,14.630923844205583,,12.004,0.033,13.282,0.021
490,83.81645833333332,-5.372527777777777,05 35 15.95,-05 22 21.1,22,1,18,300.0,"[35, 36, 37, 38]","[39, 40, 40, 39]",3822.690846599114,30.57341626181983,17.628004734532347,0.1286097947741478,41.12237077357227,26.071592325086716,0.20863283239715713,1.0446383516462665,0.009417435418096476,1.0907958194598428,0.014942469172352424,38091.94790249247,2855.732964461218,0.24334240433078638,0.21229544827750244,,5.831341569863086,0.07398456643226536,2.037168032873937,0.023982596039733073,1.62451612496152,0.405034777389204,2.252193233607853,0.47873950899935913,,,0.35938420891250755,0.005660486646621776,0.4601292009349186,0.00968499005665005,,,52.73388898707028,58.774017354791496,,9.851,0.004,10.949,0.003
478,83.81337499999998,-5.373361111111111,05 35 15.21,-05 22 24.1,22,1,18,420.0,"[41, 42, 43, 44]","[39, 40, 40, 39]",3823.3938353200497,21.332505583779948,22.830008151873034,0.3475292328567008,46.05363527206499,30.918681211975766,0.24645458782791607,1.0297861400137371,0.010261722373193005,1.0157383962274977,0.020150046130168242,490.9146568453568,468.62353793682945,0.003134859763750904,0.0027348763215883794,,5.710234987139973,0.07464348941324639,1.812530078206271,0.019007890624269108,1.2626072896903229,0.3063769656781222,1.757543856232168,0.36294183259979723,,,0.27345435305173466,0.0067443668896899345,0.3544342567218958,0.010158805741897092,,,45.65314577644182,51.88869571361416,,10.34,0.009,10.797,0.004
456,83.81266666666664,-5.375333333333333,05 35 15.04,-05 22 31.2,22,1,18,900.0,"[45, 46, 47, 49]","[50, 51, 51, 50]",3186.5472882313047,18.29829805909685,17.186455640811335,0.26327990223916053,41.1195380583107,25.860398876243515,0.23859565185270526,1.0585597361464274,0.012631300708819015,0.9612303724933251,0.024933333392225032,3438.259422567865,1499.7638907480066,0.035756283281471714,0.03045190368327714,,5.440899566115573,0.11368247723618685,1.228334861479503,0.013934789365690814,0.25602808284490364,0.0871771073923838,0.4173732549459933,0.09736620236630372,,,0.4468565076232017,0.008464086536953186,0.5728978851975861,0.011730781417950642,,,22.93406178895383,26.731276759407912,,11.969,0.037,12.448,0.008
170,83.81987499999998,-5.401194444444445,05 35 16.77,-05 24 04.3,22,1,18,120.0,"[52, 53, 54, 55]","[50, 51, 51, 50]",3565.1073087379023,27.766280408085777,99.66403221909754,0.3485168176894149,48.06764121228828,32.695638255943756,1.622655490541515,1.2269609403241013,0.010807670498424238,0.9650627956590949,0.015783877629900078,3022.078660479524,2434.7834565080457,0.0229674278623045,0.01992956033507003,,5.673693153229872,0.07206371528477229,1.2939216566082692,0.014448897197435806,1.1740330631046598,0.3152609674673286,1.729034027705258,0.44402908295040916,,,0.4025288262630543,0.006684741534191019,0.4966680705845834,0.008910584362445545,,,32.52973437154981,36.45181614707876,,,,9.311,0.003
453,83.81195833333331,-5.375472222222222,05 35 14.87,-05 22 31.7,22,1,19,600.0,"[26, 27, 28, 29]","[30, 31, 31, 30]",3479.9959493511396,21.697537591574246,10.73852314401941,0.7722041929907659,41.59944724722026,26.223649019691692,0.23500974507052774,1.0406442654807009,0.01560623407234929,1.1271896765682208,0.034257844603445164,55741.34038762293,3933.4948538897042,0.45068652460591163,0.39011104655365836,,5.7874034386986555,0.09656148715268653,1.0046866361533924,0.00447897268999331,0.25036921868414497,0.06031801520332225,0.3488069382204442,0.0729095567119703,,,0.3632802828623906,0.008926702905682593,0.5348096633018865,0.013023335749906162,,,17.762995954516143,19.056570120886633,,11.1,0.006,11.583,0.005
438,83.80870833333331,-5.376833333333333,05 35 14.09,-05 22 36.6,22,1,19,300.0,"[32, 33, 34, 35]","[30, 31, 31, 30]",3536.2515034970565,24.490003134283143,18.205671047295457,0.5665954387869423,45.34560172916511,29.86835169347194,0.36390388846962907,1.012156860341381,0.011681031466668546,1.1743561685356048,0.053383620742559645,184.99690462425644,229.74790951306443,0.0014348650934629757,0.0012446382975017198,,5.569668510758227,0.1486304840403898,1.0010465747826285,0.0010399723970180297,0.3682776598301575,0.08607135049755406,0.4987564462141547,0.10608030714984844,,,0.21589987911348554,0.01378527600295179,0.2788733548386231,0.01888073741420307,,,11.492904395778826,12.782825119696469,,9.837,0.016,10.243,0.004
530,83.81054166666665,-5.368499999999999,05 35 14.53,-05 22 06.6,22,1,19,900.0,"[36, 37, 38, 39]","[30, 31, 31, 30]",5964.494033357252,1290.9205471961595,44.862728988156576,35.00704159330718,-22.52213376954661,-38.13477162433481,68.15584829531686,1.0156160058242039,0.015914316940305318,0.525860789131667,0.030035640643820416,4127552.1079544225,3012628.4024315784,14.264574807084621,12.661937097451345,,19.121079224496416,0.882993506276943,1.0007023332260656,0.0007102003336234564,0.04651886064085688,0.03490899627428208,0.02769268838244253,0.026838389618268163,,,-0.7060463612089255,0.30907841839119266,0.7514320518157112,0.21731382163241075,,,3.0006888847039517,3.0007365522180423,,11.895,0.007,12.233,0.003
287,83.81583333333333,-5.390722222222223,05 35 15.80,-05 23 26.6,22,1,19,300.0,"[42, 43, 44, 45]","[30, 31, 31, 30]",3390.3497873903616,39.42793786571747,13.364510229546154,1.158734858617236,42.796459199077525,27.06511480513758,0.54588129384382,1.112813818892319,0.014203848473089642,1.184668474241077,0.027964197047435913,236667.12165550157,18362.542420402824,2.050555814456515,1.7692032353520666,,4.935104729780621,0.08288287849095388,1.0098034058947374,0.00689942058102988,0.23192904900412703,0.06754501847062751,0.38134642820374953,0.07952615852090465,,,0.23368753264927364,0.007312803078969851,0.2626836090172828,0.010923233193154303,,,18.986933280521495,19.631740245567812,,9.817,0.004,10.847,0.009
171,83.81824999999999,-5.400944444444445,05 35 16.38,-05 24 03.4,22,1,19,120.0,"[46, 47, 48, 49]","[30, 31, 31, 30]",3627.9406542695406,24.184226069929537,53.312932341591036,0.8386201802161324,46.99255543623612,31.218950643566895,0.581859239889944,1.2799819582468879,0.011661564920779077,1.2160419151514774,0.02024144723482102,1096.099530187995,1339.756401186032,0.007969016966765517,0.006924770316122134,,5.788543227649234,0.08103443239839381,1.374656456179094,0.01569012720415064,1.6610320464530126,0.3756538395366514,2.068439696196166,0.45383406022956274,,,0.28458569905044595,0.005743749276498733,0.4343727621939489,0.009832312890329375,,,33.50522224913116,35.15519521279303,,,,9.159,0.003
238,83.79883333333332,-5.394583333333334,05 35 11.72,-05 23 40.5,22,1,20,600.0,"[23, 25, 27, 26]","[28, 29, 29, 28]",3125.9510464134682,41.51042990015026,25.019538978453586,0.568946832134074,41.816585391850886,26.27233988259031,0.35969883564538563,1.2657677008779833,0.015409806746462307,2.1860154220692087,0.051773322175768355,142.2143843087772,191.85138608685503,0.0015708858475224183,0.001331541187855315,,5.564578865012469,0.12466308173323704,1.1204252501974725,0.014249008229999305,0.2358722914670357,0.09311523870304217,0.40704263482940606,0.10065695657833273,,,0.0009646791057055792,0.008713074965304993,-0.23785865007523618,0.013375163044821836,,,16.65830677628965,20.534519900546925,,11.358,0.004,11.703,0.002
266,83.80637499999999,-5.391916666666667,05 35 13.53,-05 23 30.9,22,1,20,600.0,"[30, 31, 33, 32]","[28, 29, 29, 28]",3455.293605469175,13.841411956765342,1.0161798300777236,0.7481693463838217,40.73572819812479,25.045006235018104,0.16406967081603696,1.042757441411378,0.01478667923447996,2.559219114118154,0.06161225355509492,91.69022916029681,108.94879593072272,0.0007552907251884798,0.0006533390935149774,,5.4210100994650485,0.07088927253414878,1.4858964499776817,0.015467543283123497,0.5838101818010581,0.15511328510896277,0.8263167341146436,0.1829117379352331,,,0.06510557052304855,0.008765114373204458,-0.06112154505086528,0.011614779094403473,,,21.541087543122032,26.23573182219301,,11.221,0.005,11.536,0.006
247,83.80854166666664,-5.3940277777777785,05 35 14.05,-05 23 38.5,22,1,20,300.0,"[34, 35, 36, 37]","[49, 50, 50, 49]",3809.734353907795,19.556778123184813,55.69251585001449,0.7099825489146809,42.01414656870267,26.196948743718366,0.5947882114043672,1.0188486907926817,0.009905702440459518,2.6560971760849545,0.05169727450051975,131.95217270182144,168.9017298199917,0.0008494955348597054,0.0007409917925331647,,5.329769549616844,0.08474833253843439,2.0591619458359305,0.022769843185517447,1.6358568473476867,0.42692263180037,2.25832087931167,0.5377387579356375,,,-0.04457191364537668,0.00638392230803023,0.14343786709249742,0.010262230932918712,,,47.06502251416248,53.70216957853988,,9.732,0.003,9.93,0.003
172,83.8150833333333,-5.400861111111111,05 35 15.62,-05 24 03.1,22,1,20,300.0,"[40, 41, 42, 43]","[49, 50, 50, 49]",3876.9940440298556,38.81056934514277,25.018976149814982,0.3909319894960408,39.23047405919857,23.341499049094807,0.29972194591061196,1.0440341475930768,0.01096153068284722,2.8571809462493274,0.04415465414787856,32242.06872983065,3407.9264414756035,0.19966642665536719,0.17421021638837356,,5.6835064111401685,0.036024205675888155,2.2957344987960893,0.026121501010219594,1.4564220763620899,0.3483604340339837,2.0383138431759305,0.42562494379070315,,,-0.08967548547467591,0.006151034515646851,0.01411528086740396,0.010532117903400053,,,50.08692533668064,55.637061741324466,,9.793,0.003,10.111,0.003
165,83.81908333333332,-5.401694444444445,05 35 16.58,-05 24 06.1,22,1,20,450.0,"[44, 45, 46, 47]","[49, 50, 50, 49]",3237.1900778710465,16.609042020525294,21.155699581115325,0.2895616238847527,38.98047117977609,23.023950802778458,0.23134383355657917,1.036666823439904,0.013885042524721114,2.952516946446207,0.05298689106808885,59.508119592472966,67.88331812139806,0.0005902565798478544,0.0005041407692783778,,5.6941087201010525,0.07321073168563519,1.7587004831308277,0.019799820384092115,0.6631622076556742,0.2326846389018222,1.0673199510713363,0.2559217655554544,,,-0.04729059683235631,0.006608917929683988,0.03710148377524042,0.010785544041307788,,,33.07159806062625,39.86116738305998,,10.646,0.006,11.042,0.006
177,83.82533333333332,-5.400333333333334,05 35 18.08,-05 24 01.2,22,1,20,420.0,"[51, 52, 53, 55]","[28, 29, 29, 28]",3350.067070431129,10.221724006971954,7.503213686472962,0.3035282886036139,40.26488374910281,24.203119223781222,0.16054358663068413,1.105897365035941,0.01364722215903269,2.9143338395325222,0.06176953914635974,100.94797510529716,115.35054899242361,0.0009051114884409985,0.0007792580362327157,,5.682790407179959,0.08014879128699093,1.5935990126364075,0.019072019625365644,0.7468146327808527,0.20106964714525036,1.0677260041704157,0.235791529261938,,,0.12803815191816403,0.00764728253237542,-0.11419700129087568,0.010714895892676948,,,26.061160385820145,31.593115573142494,,10.326,0.005,11.001,0.005
163,83.82699999999998,-5.401944444444445,05 35 18.48,-05 24 07.0,22,1,20,420.0,"[56, 57, 58]","[28, 29, 29]",3486.0782701704347,22.556384365540453,31.310397589191055,0.88488863363329,45.76591713317662,29.652650073534286,0.4974463017525288,1.238019982954374,0.012311875628884694,3.1020889442793615,0.04626797557491913,79290.71742078185,5692.283766714048,0.6381566296926722,0.5525533837117397,,5.790226670203161,0.07726776753526243,1.256084234621193,0.014480417635723497,0.4395991374285759,0.12251240919375044,0.6730797798011512,0.15860652726571461,,,0.054013948099566854,0.005604604451975848,-0.1898887855264217,0.010070075331725187,,,29.319618291277795,32.93149379698306,,10.478,0.003,10.967,0.002
