ID,_RAJ2000,_DEJ2000,pmRA,e_pmRA,pmDE,e_pmDE,Ndet,Dt,F139,Note
1,83.85346518,-5.3660262,0.34,0.09,-0.71,0.05,4,16.9,14.57,
2,83.83552846,-5.34779414,-0.2,0.16,0.68,0.55,3,16.3,12.12,
3,83.77062885,-5.3525743,-0.43,0.06,2.12,0.18,3,11,13.25,
4,83.77579375,-5.33816393,-0.41,0.28,-0.75,0.3,3,11,14.52,
5,83.82285598,-5.3809109,1.38,0.16,1.64,0.05,5,16.4,13.35,
6,83.79410989,-5.37909779,0.14,0.46,-1.53,0.06,3,16.3,12.11,
7,83.81797732,-5.3403371,-1,0.13,0.01,0.45,3,16.3,12.93,
8,83.85596135,-5.39258964,-0.79,0.11,-0.44,0.11,4,16.3,12.81,
9,83.84994021,-5.41941865,0.12,0.81,0.98,0.15,4,14.6,13.04,
10,83.79543932,-5.37954202,-0.04,0.27,1,0.4,5,19.4,13.3,
11,83.7680879,-5.38703003,0.42,0.16,0.95,0.05,3,10.4,12.54,
12,83.81408083,-5.37371934,1.64,0.66,-0.62,1.74,6,14,11.81,
13,83.85573854,-5.40318348,-0.14,0.69,-0.42,0.08,4,14,12.59,
14,83.83611908,-5.41966073,-0.24,0.24,0.4,0.17,4,16.9,13.21,
15,83.84501198,-5.38705622,0.29,0.11,-0.16,0.41,3,10.4,11.6,
16,83.86574514,-5.39241947,-0.71,0.19,0.94,0.11,4,16.3,13.36,
17,83.78457726,-5.40969193,-0.57,0.46,0.12,0.01,4,10.6,12.75,
18,83.75448937,-5.3844777,-0.3,0.14,0.75,0.38,3,10.4,13.53,
19,83.82816692,-5.36726378,0.32,0.67,-0.16,0.22,3,14.5,11.58,
20,83.82852479,-5.37305512,0.14,0.2,-0.04,0.15,4,16.9,13.44,
21,83.82312786,-5.36263663,-0.2,0.7,1.02,0.23,4,14.6,11.8,
22,83.81335167,-5.37335131,-1.26,0.05,0.38,0.11,4,14,11.26,
23,83.81176136,-5.39622952,-1.66,0.4,0.08,0.13,5,16.9,12.75,
24,83.83346259,-5.37400516,0.31,0.03,-1.6,0.14,3,16.3,13.54,
25,83.83600533,-5.37932126,2.09,0.19,-0.68,0.03,4,16.3,13.11,
26,83.77870758,-5.36923667,-0.06,0.37,-0.28,0.51,5,16.4,14.14,
27,83.83630658,-5.37540927,-0.47,0.06,-0.39,0.46,3,16.3,13.1,
28,83.77687423,-5.36876061,1.67,0.09,0.57,0.14,4,16.4,13.52,
29,83.80506658,-5.34797918,-0.01,0.18,-0.92,0.27,3,16.4,12.31,
30,83.79275877,-5.36586733,0.76,0.43,2.43,0.18,3,16.3,13.44,
31,83.83714713,-5.38939781,-0.48,0.16,-0.53,0.24,5,16.3,13.04,
32,83.80869607,-5.3768084,-0.47,0.38,0.23,0.23,6,14.5,10.89,
33,83.82195866,-5.40672569,-0.67,0.19,-0.47,0.12,7,17,13.36,
34,83.83684515,-5.35595521,0.7,2.17,0.83,0.91,3,16.3,12.95,
35,83.81452743,-5.38016396,-0.43,0.04,-0.27,0.74,4,14.5,10.94,
36,83.78514759,-5.38471302,-1.07,0.34,-0.61,0.13,7,17,14.09,
37,83.81507132,-5.40085543,0.54,0.11,-1.8,0.02,3,14.6,10.75,
38,83.79952032,-5.35096414,-0.25,0.15,0.33,0.52,4,19.5,12.21,
39,83.7738239,-5.39835867,-1.04,0.47,-0.84,0.05,3,10.6,12.11,
40,83.81746512,-5.37707362,-0.64,0.17,0.23,0.07,6,16.4,12.43,
41,83.83825037,-5.39254266,0.98,0.1,0.76,0.11,4,19.3,13.58,
42,83.83878362,-5.39613281,-0.02,0.1,0.65,0.04,4,19.3,13.51,
43,83.82512683,-5.36816526,1.4,0.27,-2.26,0.11,4,16.3,11.47,
44,83.82865099,-5.39135242,-0.85,0.24,1.35,0.03,6,19.3,12.29,
45,83.83557417,-5.36137485,-0.22,0.2,1.29,0.04,3,16.3,13.1,
46,83.79225704,-5.37573228,-1.02,0.2,0.73,0.26,4,16.3,12.52,
47,83.80662587,-5.3420452,-0.38,0.02,1.2,0.27,3,19.5,13.64,
48,83.78135831,-5.33066107,-1.16,0.41,-1.41,0.47,3,16.4,14.1,
49,83.78772061,-5.33810414,-0.16,0.14,0.32,0.17,3,16.4,14.2,
50,83.78639904,-5.3824135,1.05,0.42,-1.26,0.26,5,16.3,12.17,
51,83.79125483,-5.39403182,0.88,0.54,-0.56,0.46,6,19.2,13.6,
52,83.80489646,-5.37254275,-0.32,0.3,3.86,0.96,5,14.5,12.41,3
53,83.8056848,-5.37392733,2.45,0.36,1.29,0.33,8,14.5,12.51,
54,83.83210448,-5.34210226,3.1,0.28,-0.86,0.09,4,16.9,14.74,
55,83.80437129,-5.37086912,0,0.04,-0.17,0.37,4,14.5,12.01,
56,83.80322659,-5.34302254,0.71,0.15,0.71,0.2,3,19.5,12.96,
57,83.81981061,-5.38790731,2.54,1.48,-2.45,1.42,3,14.1,10.63,
58,83.79070852,-5.3578763,-1.15,0.21,-2.57,0.29,3,16.4,11.15,
59,83.82446862,-5.38420353,1.19,0.11,-1.47,0.47,3,14,12.04,
60,83.81642428,-5.37252046,-2.44,0.34,0.34,0.38,3,14,11.66,
61,83.81614859,-5.34455294,-0.05,0.21,0.53,0.27,3,16.3,12.61,
62,83.82133627,-5.38057473,-0.85,0.29,0.32,0.12,5,14,12.04,
63,83.82247087,-5.40387464,-0.74,0.4,-5.34,0.98,5,14.6,13.46,
64,83.8139384,-5.37098936,-0.29,0.15,-0.32,0.02,4,14,9.62,
65,83.81222057,-5.39139043,-1.18,0.14,1.19,0.06,6,19.9,11.81,
66,83.82373787,-5.41502288,-0.66,0.29,-0.02,0.1,7,19.9,12.55,
67,83.77008402,-5.3774257,0.63,0.01,1.26,0.11,3,10.4,12.68,
68,83.80757058,-5.36743805,1.06,0.07,1.67,0.68,4,16.3,13.49,
69,83.77726543,-5.4170929,-0.29,0.31,0.69,0.23,3,10.6,13.48,
70,83.83024454,-5.34705498,0.28,0.11,-0.28,0.01,4,16.9,14.91,
71,83.82967765,-5.39085752,-0.42,0.04,-0.52,0.41,3,14,11.86,
72,83.83615205,-5.39812149,0.09,0.12,0.31,0.05,5,19.3,11.99,
73,83.82897487,-5.37187836,-0.51,0.04,-1.69,0.24,3,14.1,11.69,
74,83.7673803,-5.37344179,0.57,0.22,0.01,0.07,3,10.4,13.53,
75,83.79847319,-5.38098951,-0.04,0.79,-0.2,0.24,6,16.3,13.01,
76,83.83368554,-5.34552758,0.05,0.23,0.04,0.23,3,16.3,12.08,
77,83.7724077,-5.4029353,0.14,0.36,-0.19,0.08,3,10.6,11.51,
78,83.79246926,-5.35009455,-0.02,0.21,0.35,0.2,3,16.4,14.37,
79,83.7988262,-5.39455204,-0.32,0.53,2.45,0.18,6,19.2,12.29,
80,83.85012264,-5.38719113,-0.77,0.3,-2.16,0.06,5,16.9,13.41,
81,83.76745931,-5.33676015,0.58,1.48,0.25,0.4,3,11,14.8,
82,83.84011174,-5.39048786,-0.26,0.09,-0.84,0.11,3,16.3,14.09,
83,83.84430767,-5.36038152,1.15,0.14,0.11,0.12,3,11,14.47,
84,83.8287138,-5.40485486,-0.62,0.44,0.34,0.22,6,19.3,13.04,
85,83.83853204,-5.38319062,-1.01,0.09,1.24,0.08,4,16.3,12.4,
86,83.83764907,-5.37366437,-1.02,0.09,1.41,0.72,3,16.3,13.29,
87,83.81317593,-5.39629743,1.87,0.06,-0.65,0.02,4,16.9,12.11,
88,83.82660122,-5.40743229,-1,0.31,0.31,0.1,6,16.3,12.91,
89,83.84106293,-5.3689737,0.15,0.29,1.13,0.13,4,16.3,12.42,
90,83.81908593,-5.40167807,-1.12,0.07,0.81,0.17,4,16.9,11.88,
91,83.85613306,-5.35955807,0.3,0.15,-1.08,0.17,3,16.3,12.41,
92,83.84869886,-5.37020094,0.28,0.22,0.02,0.38,3,11,13.89,
93,83.81107017,-5.37604127,-0.63,0.02,0.14,0.11,4,14,9.68,
94,83.81195375,-5.37544002,0.31,0.1,0.7,0.04,7,14,12.73,
95,83.77367202,-5.39592994,-0.14,0.29,-0.6,0.39,5,16.4,14.52,
96,83.8114819,-5.34136579,-0.84,0.12,1.11,0.31,3,19.5,12.31,
97,83.80162058,-5.34665144,-0.53,0.12,-3.76,0.06,4,20.1,13.96,
98,83.85142447,-5.3756424,-1.58,0.25,0.12,0.08,4,16.9,13.23,
99,83.80427743,-5.36691945,-0.6,0.06,-0.52,0.09,3,16.3,13.07,
100,83.82390268,-5.41213863,-0.22,0.37,0.08,0.09,6,19.9,13.31,
101,83.83259851,-5.37265142,-0.01,0.57,1.61,0.11,3,14.1,11.99,
102,83.82930817,-5.41749445,-0.04,0.13,0.03,0.23,4,13.8,13.42,
103,83.82782957,-5.39901463,-0.87,0.26,-0.75,0.12,6,19.3,13.28,
104,83.83559799,-5.40581264,-0.58,0.2,-0.92,0.05,4,19.3,12.65,
105,83.86004144,-5.3839982,0.05,0.13,-0.71,0.15,4,16.3,13.26,
106,83.85902015,-5.38251423,0.72,0.13,1.17,0.03,3,16.3,12.89,
107,83.832624,-5.35221342,-0.33,0.04,0.64,0.41,3,11,14.46,
108,83.81053747,-5.36849131,0.64,0.47,1.07,0.62,5,16.3,13.36,
109,83.80544353,-5.33857069,-0.02,0.26,1.56,2.06,3,14.6,11.98,
110,83.81792333,-5.36951911,0.03,0.1,-1.97,0.14,5,16.3,12.77,
111,83.85716544,-5.38593032,-0.15,0.17,0.53,0.09,4,14,11.44,
112,83.82588912,-5.40841564,0.79,0.19,2.27,0.12,6,16.9,13.16,
113,83.84864829,-5.41593398,0.37,0.44,1.21,0.12,4,14.6,12.29,
114,83.81714071,-5.37013919,0.97,0.22,-0.2,0.03,4,16.4,13.18,
115,83.74714017,-5.39246433,-0.56,0.22,-0.44,0.08,3,10.6,13.33,
116,83.84034491,-5.36306335,-1.42,0.67,0.18,0.68,3,16.3,12.04,
117,83.80822753,-5.35647154,1.21,0.49,-0.58,0.23,4,16.4,12.22,
118,83.82077446,-5.39362293,2.97,0.37,2.67,1.38,3,14.1,10.97,
119,83.82716489,-5.34520079,-1.7,0.12,0.6,0.22,3,16.3,12.39,
120,83.86723966,-5.38512152,0.19,0.35,1.16,0.12,3,10.4,12.2,
121,83.82602543,-5.38766802,1.26,0.24,1.03,0.04,5,14,11.69,
122,83.79247748,-5.3391637,-0.64,0,0.86,0.11,3,16.4,13.49,
123,83.81667616,-5.36306024,-0.3,0.09,-0.52,0.18,4,16.4,12.5,
124,83.81567225,-5.36105685,0.6,0.15,-0.21,0.1,6,16.4,12.51,
125,83.84219447,-5.37613205,-0.91,0.27,1.93,0.14,3,16.3,12.58,
126,83.78079723,-5.37471475,0.1,0.09,0.44,0.07,3,10.4,13.24,
127,83.79577554,-5.37354583,-0.51,0.18,-1.04,0.11,4,16.3,13.12,
128,83.81782713,-5.35253648,-0.91,0.04,-0.53,0.16,3,16.3,11.89,
129,83.77617801,-5.3674102,-0.32,0.24,0.11,0.34,3,16.4,10.65,
130,83.81910424,-5.35431707,-0.67,0.1,-2.16,0.5,6,20.1,14.29,
131,83.78031502,-5.37404845,0.24,0.09,-0.66,0.78,4,10.4,12.1,
132,83.81745911,-5.35302118,-0.28,0.23,-1.19,0.25,4,16.4,13.4,
133,83.78987864,-5.32851512,0.59,0.03,0.32,0.09,3,16.4,15.78,
134,83.81667361,-5.35273362,0.19,0.44,-0.33,0.47,4,16.4,10.26,
135,83.84072463,-5.39425424,-1.39,0.13,-0.33,0.05,4,14,12.44,
136,83.81796169,-5.37264267,-0.87,0.13,-1.57,0.16,5,19.4,13.23,
137,83.80750185,-5.36862019,-1.51,0.9,-1.03,0.52,3,14,9.7,
138,83.82656866,-5.36222948,-0.84,0.07,2.23,0.09,4,19.5,13.23,
139,83.84119352,-5.39876106,0.98,0.09,0.84,0.21,5,19.3,12.66,
140,83.76184965,-5.3689774,-0.96,0.15,-1.85,0.31,3,10.4,11.4,
141,83.8408159,-5.38629715,0.34,0.02,-0.81,0.34,4,16.3,12,
142,83.835959,-5.38213324,0.05,0.1,-1.34,0.07,5,16.3,13.92,
143,83.83005295,-5.38074668,-1.51,0.71,-1.07,0.1,6,16.3,11.59,
144,83.81747065,-5.35898225,-1.54,0.18,-0.03,0.03,5,16.4,12.67,
145,83.8420605,-5.40913201,1.36,0.47,-1.32,0.33,3,16.3,12.06,
146,83.80633372,-5.37209918,-0.7,0.14,-1.02,0.32,6,14.5,11.39,
147,83.80726222,-5.37276845,-0.89,0.21,1.08,0.49,7,14.5,11.08,
148,83.82946891,-5.39712649,1.86,0.36,-1.37,1.24,3,14,11.7,
149,83.85215038,-5.41710788,-1.06,0.2,-0.15,0.09,3,14.6,12.94,
150,83.79908275,-5.36540997,-0.03,0.66,-0.3,0.94,4,16.4,12.68,
151,83.81808926,-5.38029743,1.21,0.2,0.51,0.27,4,14,11.84,
152,83.8375924,-5.39881381,0.23,0.28,-1.41,0.19,5,19.3,13.3,
153,83.84096332,-5.37784917,-0.33,0.31,0.48,0.31,3,16.3,13.59,
154,83.81599542,-5.37941118,-0.38,0.31,-1.82,0.25,3,14,11.54,
155,83.77693363,-5.35521717,0.64,0.04,0.25,0.59,3,16.4,13.51,
156,83.7895041,-5.34964686,0.72,1.16,0.33,0.27,3,16.4,13.76,
157,83.81871928,-5.37642795,-0.45,0.05,-0.6,0.14,4,14,13.57,
158,83.83842796,-5.36671183,-0.64,0,0.61,0.21,3,16.3,12.53,
159,83.80460446,-5.35370007,-0.16,0.58,0.15,0.01,3,16.4,13.43,
160,83.84338928,-5.41931706,1.58,0.43,-0.33,0.04,3,14.6,11.92,
161,83.81331818,-5.38176439,1.61,0.2,0.29,0.42,3,14,9.87,
162,83.8246826,-5.34872635,-0.54,0.08,1.15,0.28,3,14.1,12.96,
163,83.80637193,-5.39190738,-0.55,0.14,-0.16,0.02,3,14,12.18,
164,83.81434924,-5.39596567,1.1,0.08,-0.68,0.23,4,16.9,11.16,
165,83.85402071,-5.40042958,-2.54,0.24,-0.56,0.45,4,16.3,12.72,
166,83.78757596,-5.33659171,-0.12,0.19,1.09,0.01,4,17,14.33,
167,83.78428629,-5.34636719,-0.44,2.92,1.04,0.16,3,11,14.01,
168,83.80249996,-5.3452588,0.17,0.24,-1.16,0.06,3,14.6,13.53,
169,83.79256223,-5.38931263,1.31,0.63,-0.86,0.43,6,16.3,10.85,
170,83.83959587,-5.38796624,0.19,0.03,-0.01,0.17,4,16.3,12.26,
171,83.7855194,-5.41154707,-1.82,0.73,-0.07,0.18,4,10.6,12.79,
172,83.82110463,-5.35658659,0.51,0.17,-0.36,0.14,5,19.5,13.48,
173,83.81705686,-5.40318837,-1.73,0.13,-0.79,0.12,6,16.9,12.4,
174,83.82530191,-5.40031215,-1.06,0.27,0.41,0.49,4,19.3,11.97,
175,83.81974497,-5.37534254,0.65,0.11,1.33,0.18,4,16.4,12.73,
176,83.77256118,-5.4041894,0.95,0.25,1.04,0.23,4,17,12.81,
177,83.85290597,-5.40991981,0.18,0.65,1.11,0.32,3,14.6,11.28,
178,83.82425255,-5.40850171,0.34,0.21,-2.4,0.1,5,13.8,12.94,
179,83.8224459,-5.40007335,0.28,0.23,-2.25,0.15,4,19.3,12.36,
180,83.8210842,-5.3943769,-0.02,0.15,0.83,0.4,3,14.1,11.39,
181,83.8495259,-5.3925612,0.95,0.18,-0.12,0.31,4,16.3,13.66,
182,83.86234605,-5.40010811,1.23,0.38,-0.27,0.02,4,16.3,13.44,
183,83.82425669,-5.3876611,-1.61,0.17,0.6,0.38,3,14,10.64,
184,83.84884688,-5.38885715,0.3,0.2,0.18,0.01,4,16.3,13.11,
185,83.82283788,-5.40482344,0.36,0.1,0.23,0.15,5,13.8,13.28,
186,83.77415571,-5.38778879,0.31,0.1,-0.57,0.04,4,16.4,13.81,
187,83.85051833,-5.36544299,0.02,0.3,0.53,0.27,3,16.3,13.46,
188,83.77678786,-5.38757757,-2.24,0.03,1.23,0.18,4,16.4,13.55,
189,83.76542307,-5.37937418,-0.13,0.48,-0.16,0.19,3,10.4,13.07,
190,83.76288747,-5.3771776,-0.2,0.38,1.01,0.05,3,10.4,11.83,
191,83.79856596,-5.4059606,0.34,0.13,-0.52,0.14,8,19.9,12.57,
192,83.83572061,-5.34532914,-0.29,0.05,0.28,0.82,3,16.3,12.27,
193,83.8141751,-5.35388171,-0.15,0.18,-1.78,0.35,3,16.4,11.82,
194,83.85276059,-5.37850273,-0.26,0.12,-0.13,0.03,3,16.3,12.72,
195,83.75458259,-5.37818152,-0.53,0.01,-3.02,0.11,4,10.4,15.1,
196,83.76167493,-5.36734857,-0.45,0.09,-1.65,0.23,5,11,15.67,
197,83.81627344,-5.39388968,1.7,0.4,-3.85,1.18,4,16.4,13.53,
198,83.82278247,-5.38917703,1.07,0.86,3.21,0.2,3,14,10.98,
199,83.8194206,-5.39136065,-0.06,0.88,-1.73,0.01,4,10.5,15.12,
200,83.81568392,-5.39399906,1.81,0.43,-2.83,0.2,7,19.3,13.86,
201,83.81074788,-5.39741651,0.6,0.01,0.3,0.05,3,10,15.24,
202,83.82388883,-5.38745602,1.18,0.37,2.03,0.29,4,10.4,13.77,
203,83.81467413,-5.39372317,0.46,0.11,1.86,0.12,5,19.9,12.84,
204,83.82615935,-5.38539259,-0.32,0.09,1.96,0.26,5,16.3,13.01,
205,83.81699867,-5.39105664,0.15,0.15,0.17,0.01,4,19.3,14.57,
206,83.81408485,-5.39260523,-0.72,0.24,0.87,0.12,6,19.9,12.07,
207,83.80574143,-5.39810004,0.79,0.29,0.66,0.16,4,16.3,14.2,
208,83.8169628,-5.39011108,0.51,0.07,-4.54,3.05,3,19.3,14.85,
209,83.80547426,-5.39806406,-3.77,0.48,1.14,0.19,6,16.3,14.77,
210,83.81582052,-5.39071469,1.3,0.51,1.68,0.07,3,19.3,11.89,
211,83.81603864,-5.3904368,1.1,0.45,-1.63,0.07,4,19.3,12.94,
212,83.81925249,-5.38781592,0.16,0.61,-2.3,0.3,3,16.3,11.71,
213,83.8176376,-5.38864204,-1.5,0.38,-1.57,0.26,3,10.4,13.69,
214,83.82239024,-5.38469481,0.33,0.42,-1.79,0.22,5,16.3,13.76,
215,83.82435653,-5.38282025,1.31,0.13,0.16,0.16,6,17,15.79,
216,83.814015,-5.39003036,1.12,0.43,-1.11,0.41,4,19.3,15.07,
217,83.8202859,-5.38530012,0.51,0.16,-0.43,0.17,5,16.3,13.89,
218,83.81375537,-5.3897681,-1.93,0.27,0.54,0.21,3,19.3,13.68,
219,83.81109058,-5.39129849,0.11,0.11,0.51,0.36,3,19.3,14.78,
220,83.81337665,-5.38855479,-0.44,0.14,1.63,0.17,3,19.3,13.61,
221,83.81135465,-5.38968905,-0.24,0.4,0.71,0.13,5,19.3,12.12,
222,83.82354787,-5.38101865,-1.55,0.14,-0.31,0.15,5,16.4,13.67,
223,83.7988613,-5.39769402,1.07,0.08,1.49,0.45,6,19.2,13.71,
224,83.81001379,-5.38972753,0.62,0.18,3.39,0.01,3,19.3,14.3,
225,83.82042923,-5.38195516,-0.76,0.08,0.1,0.14,6,17,14.32,
226,83.81181321,-5.38777713,0.7,0.55,-1.87,0.04,5,19.3,12.79,
227,83.81616478,-5.38387595,0.01,0.74,-0.46,0.09,4,16.3,11.13,
228,83.80802603,-5.38893244,-1.1,0.95,-0.27,0.45,3,13.2,13.45,
229,83.81727095,-5.38202692,-0.46,0.07,-0.3,0.38,6,17,13.91,
230,83.81500224,-5.38302581,0.17,0.17,-0.41,0.78,5,16.3,13.31,
231,83.81197604,-5.38474554,-0.23,0.39,-1.92,0.22,4,16.4,12.59,
232,83.81169567,-5.38465327,-4.33,0.18,1.07,0.25,6,16.4,15.21,
233,83.81267597,-5.38360405,0.72,0.14,0.73,0.11,5,16.4,15.13,
234,83.80964291,-5.38564217,-0.69,0.84,-1.17,0.31,5,19.5,12.57,
235,83.81055649,-5.38433657,-1.28,0.07,1.02,0.17,5,20.1,14.75,
236,83.81111494,-5.38384457,1.17,0.69,-0.94,0.35,5,16.4,12.44,
237,83.8099674,-5.38215068,2.24,0.2,-0.57,0.09,8,20.1,13.94,
238,83.8063457,-5.38457763,1.26,0.57,-0.1,0.23,5,13.2,13.43,
239,83.80986019,-5.38168527,1.56,0.15,1.14,0.31,9,20.1,12.56,
240,83.81123655,-5.38039777,0.6,0.13,-0.98,0.12,7,11,14.06,
241,83.81619415,-5.37588428,0.24,0.15,1.21,0.17,6,16.4,13.37,
242,83.80535746,-5.38273749,-1.26,0.39,0.23,0.06,5,19.4,13.56,
243,83.80240131,-5.3838931,0.27,0.18,-3.55,0.48,7,20.1,13.09,5
244,83.81261584,-5.37530969,-1.54,0.15,-2.19,0.07,7,16.4,13.19,
245,83.80987289,-5.37668792,0.68,0.11,0.01,0.03,8,17,14.3,
246,83.81389023,-5.3736128,0.87,0.43,-1.51,0.47,6,16.4,12.88,
247,83.79277119,-5.38787354,-0.21,0.23,-1,0.08,6,17,13.55,
248,83.79990042,-5.38170639,0.82,0.57,0,0.53,6,19.4,11.92,
249,83.8117265,-5.37307344,-1.91,0.2,1.24,0.02,6,17,15.5,
250,83.80818453,-5.37552396,0.84,0.21,-1.48,0.23,3,4.4,15.8,
251,83.79422952,-5.38223683,-0.37,0.15,-0.24,0.1,6,17,13.22,
252,83.79600863,-5.37961407,2.19,0.14,1.7,0.18,6,20.1,13.22,
253,83.81360791,-5.36546301,-0.46,0.25,0.17,0.09,5,20.1,13.48,
254,83.79667293,-5.3771676,0.06,0.17,-1.41,0.28,5,11,13.68,
255,83.80966627,-5.36784355,0.09,0.5,3.3,0.48,3,16.3,14.11,3
256,83.81092505,-5.36692311,-1.16,0.13,-0.45,0.15,5,16.9,14.22,
257,83.79520225,-5.37799565,-0.11,0.16,-2.19,0.05,7,20.1,14.28,
258,83.80763693,-5.36920221,1.47,0.04,-2.34,0.04,5,11,14.31,
259,83.80824138,-5.366101,0.62,0.24,-0.6,0.04,4,16.9,13.95,
260,83.80751161,-5.36657478,0.05,0.27,0.2,0.06,4,16.9,11.24,
261,83.80440099,-5.36479078,-1.65,0.05,-1.42,0.04,3,16.3,13.46,
262,83.79389887,-5.37126372,-0.91,0.25,0.89,0.1,5,17,12.83,
263,83.78506451,-5.37505794,-0.98,0.19,0.32,0.06,6,17,14.01,
264,83.77568612,-5.37011403,-0.85,0.39,-0.75,0.16,5,11,13.49,
265,83.79903017,-5.35908737,1.3,0.16,-0.94,0.15,3,11,15.36,
266,83.79345684,-5.35958906,0.89,0.15,-1.6,1.15,3,11,15.51,
267,83.79701424,-5.35083266,-0.18,0.25,-0.6,0.38,5,20.1,14.49,
268,83.85429991,-5.41068973,-0.15,0.04,-1.05,0.19,5,19.4,15.31,
269,83.85196697,-5.40030389,-0.97,0.24,2.31,0.04,4,16.3,13.33,
270,83.85190546,-5.39861254,1.79,0.32,-0.92,0.19,6,16.9,14.64,
271,83.84808201,-5.39748163,-1.8,0.02,-1.54,0.67,4,11,15.64,
272,83.84646927,-5.39701804,0.68,0.04,1.06,0.03,5,11,15.52,
273,83.86577463,-5.38119269,-1.44,0.1,0.75,0.02,4,16.9,15.95,
274,83.86651192,-5.37970126,1.09,0.14,0.85,0.05,4,16.9,15.31,
275,83.84053406,-5.3967665,-0.24,0.15,1.69,0.13,3,19.9,14.21,
276,83.84966741,-5.38346669,1.66,0.14,-1.09,0.07,6,16.9,15.62,
277,83.86021438,-5.37383427,-1.29,0.09,-1.18,0.08,3,11,14.52,
278,83.83855649,-5.38800198,0.48,0.13,0.89,0.05,5,16.9,15.43,
279,83.83548744,-5.38971272,0.47,0.15,2.45,0.06,6,16.9,14.14,
280,83.84373282,-5.3838732,2.37,0.21,0.11,0.1,6,16.9,15.45,
281,83.83303753,-5.40072512,-0.74,0.19,0.01,0.23,4,19.3,12.91,
282,83.82005977,-5.40894004,1.22,0.1,-1.11,0.03,3,10,14.19,
283,83.82324067,-5.40250184,0.37,0.05,-0.42,0.11,3,10,14.6,
284,83.82712263,-5.39938023,0.51,0.23,-1.86,0.18,4,16.3,15.24,
285,83.83542531,-5.39201609,-0.64,0.18,-2.28,0.09,4,19.3,14.16,
286,83.81628729,-5.40495937,0.2,0.32,-1,0.15,6,19.3,14.45,
287,83.84122742,-5.38536689,-1.3,0.08,-1.45,0.04,6,16.9,15.38,
288,83.82412103,-5.3956105,-0.1,0.22,1.55,0.05,5,19.3,12.77,
289,83.82707645,-5.39147553,-0.95,0.36,0.13,0.03,4,10.4,13.26,
290,83.81266652,-5.39845932,-1.56,0.35,-1.34,0.26,6,16.9,13.45,
291,83.83179649,-5.38433654,0.13,0.12,-0.42,0.07,6,16.9,15.2,
292,83.83323581,-5.37575748,-0.49,0.01,1.65,0.06,4,16.9,14.81,
293,83.82975793,-5.37626031,0.39,0.2,1.37,0.16,4,16.9,14.22,
294,83.82742106,-5.37526777,-0.38,0.06,-2.44,0.22,5,16.9,14.8,
295,83.82397245,-5.37527232,-0.71,0.66,-1.01,0.11,3,11,13.78,
296,83.84468366,-5.41828165,-1.01,0.16,1.01,0.96,3,10.5,13.31,
297,83.84604654,-5.41674544,0.17,0.16,-0.97,0.12,3,19.9,13.13,
298,83.83508492,-5.39158519,-0.66,0.22,0.02,0.07,6,19.3,12.36,
299,83.85774551,-5.36717826,-1.22,0.46,1.19,0.13,3,11,15.71,
300,83.84481419,-5.36601501,0.54,0.12,0.54,0.07,4,16.9,14.56,
301,83.85304673,-5.35939629,-0.86,0.2,0.55,0.08,4,16.9,15.91,
302,83.84461023,-5.36142624,0.21,0.21,-0.6,0.12,3,11,15.1,
303,83.84285404,-5.36180922,-0.01,0.07,-0.62,0.25,3,11,14.36,
304,83.84952756,-5.35516121,0.13,0.06,1.45,0.33,3,11,13.82,
305,83.8485992,-5.35453648,-0.36,0.37,-1.45,0.31,3,11,15.42,
306,83.82982746,-5.36211197,-0.29,0.09,-1.33,0.14,5,20.1,14.21,
307,83.83685111,-5.35378369,-0.36,0.12,0.71,0.11,3,11,15.89,
308,83.82072284,-5.35816022,-0.62,0.35,0.67,0.17,5,20.1,14.89,
309,83.81931969,-5.35858696,0.17,0.15,-0.18,0.03,5,20.1,14.66,
310,83.83751595,-5.34533133,-1.43,0.15,-0.92,0.23,4,16.9,15.26,
311,83.82883489,-5.34683248,-0.21,0.17,1.55,0.05,4,16.9,15.2,
312,83.81888997,-5.34454857,-1.37,0.07,1.37,0.3,4,16.9,15.01,
313,83.81256689,-5.34792571,0.11,0.27,-0.05,0.14,5,20.1,15.76,
314,83.81319425,-5.3467218,-0.37,0.03,1.03,0.07,5,20.1,15.88,
315,83.80900529,-5.33986606,0.96,0.02,-2.4,0.19,3,20.1,14.91,
316,83.80356924,-5.35138078,-1.26,0.05,-1.36,0.17,5,20.1,15.07,
317,83.80420333,-5.34799555,0.43,0.13,0.08,0.47,5,20.1,15.92,
318,83.8065929,-5.34423314,0,0.22,-2.03,0,3,11,14.66,
319,83.811305,-5.35175065,-0.58,0.02,-0.82,0.05,5,20.1,12.89,
320,83.85939847,-5.35521759,-0.65,0.06,-0.63,0.33,4,16.9,15.13,
321,83.8251687,-5.40085644,-0.69,0.19,1.35,0.27,4,19.3,10.57,
322,83.84102501,-5.38511672,0.32,0.05,1.07,1.42,3,6.3,13.46,
323,83.86243571,-5.40024318,-0.56,0.25,-0.33,0.24,3,6.3,13.58,
324,83.8622387,-5.41338623,-1.11,0.07,-0.01,0.29,3,16.9,13.3,
325,83.85560715,-5.42490039,-1.16,0.08,-1.66,0.38,3,16.9,13.03,
326,83.76956824,-5.40998266,0.03,0.17,-1.32,0.15,3,16.3,16.09,
327,83.81218516,-5.40357357,-1.49,0.44,1.88,0.18,5,16.9,12.25,
328,83.77579973,-5.37014152,-0.88,0.13,-0.86,0.12,5,17,     ,
329,83.75779891,-5.39825394,0.34,0.31,0.02,0.32,3,16.3,14.9,
330,83.77265993,-5.42285023,0.11,0.11,1.56,0.32,3,17,13.88,
331,83.82133984,-5.41630413,-0.8,0.29,-0.85,0.07,6,19.9,12.31,
332,83.82687579,-5.42201646,-0.43,0.24,1.71,0.43,4,16.9,13.53,
333,83.81205856,-5.40326992,-1.04,0.11,-0.13,0.09,5,16.9,12.24,
334,83.77205248,-5.41749929,-0.16,0.05,-1.76,0.26,3,16.3,14.26,
335,83.76579101,-5.41511594,-0.07,0.15,-0.07,0.29,3,16.3,13.98,
336,83.8451775,-5.37417074,1.89,0.46,0.35,0.4,3,16.9,13.8,
337,83.8235751,-5.41963246,-1.53,1.47,-0.17,0.46,5,17,14.04,
338,83.79393483,-5.40463798,-2.01,0.19,-2.32,0.96,5,11.8,13.88,
339,83.86607862,-5.38993202,0.49,0.46,-0.07,0.1,3,6.3,13.8,
340,83.80857938,-5.42235576,-0.47,0.08,-0.08,0.28,4,17,12.55,
341,83.8261909,-5.41079507,-1.22,0.15,-0.36,0.6,5,16.9,13.48,
342,83.85143431,-5.4334455,-0.65,0.36,-0.46,0.28,3,16.9,13.12,
343,83.83397288,-5.42605821,-0.05,0.3,1.55,0.26,3,16.9,15.01,
344,83.75246454,-5.41077898,-0.72,0.25,-0.17,0.28,3,16.3,16.98,
345,83.80673316,-5.35586018,0.08,0.12,-0.48,0.32,3,9,14.1,
346,83.86010488,-5.42545548,-0.34,0.03,0.55,0,3,16.9,13.72,
347,83.81826392,-5.36406617,0.46,0.12,-0.73,0.87,3,8.9,13.65,
348,83.82869288,-5.34192892,1.25,1.83,-1.91,0.24,3,5.9,13.28,
349,83.81792831,-5.37332362,-0.5,0.08,-0.73,0.2,4,12.1,14.13,
350,83.85913431,-5.42235622,0.68,0.08,0.91,0.12,3,16.9,13.05,
351,83.85896621,-5.42763692,-0.39,0.31,-0.83,0.19,4,19.9,13.46,
352,83.81683858,-5.43085462,0.42,0,-0.22,0.18,3,17,13.17,
353,83.8097526,-5.42104783,-0.14,0.04,-0.6,0.71,5,19.9,12.79,
354,83.79649272,-5.42563471,1.41,0.67,-0.76,0.51,4,17,13.81,
355,83.82531498,-5.38384179,-1.45,0.06,-1.45,0.02,5,16.9,16,
356,83.7917976,-5.40053512,0.69,1.13,-0.33,0.01,3,16.3,14.9,
357,83.79031462,-5.3988652,-0.84,0.32,1.16,0.07,3,16.3,13.38,
358,83.78587551,-5.39007892,-1.68,0.16,-0.65,0.33,4,16.3,15.2,
359,83.79135443,-5.36204022,-1.17,0.06,-0.23,0.48,3,17,13.73,
360,83.78893214,-5.36155617,-0.51,0.04,-0.99,0.24,3,17,13.27,
361,83.78508423,-5.35550016,-1.53,0.17,-0.51,0.05,3,17,14.76,
362,83.82586835,-5.39619676,-1.35,0.11,-2.62,0.24,5,16.9,15.95,
363,83.8156915,-5.40318817,0.03,0.68,0.07,2.14,3,8.9,14.11,
364,83.82904591,-5.38944721,-0.49,0.08,-1.33,0.11,6,16.9,14.29,
365,83.82964972,-5.38507884,-0.22,0.1,0.8,0.06,5,16.9,14.83,
366,83.8278444,-5.38221734,0,0.73,0.66,0.56,4,8.9,13.77,
367,83.82058858,-5.37239007,1.07,0.29,1.04,0.26,4,12.1,13.83,
368,83.83895647,-5.42639211,1.07,0.26,-0.46,0.32,4,16.9,15.62,
369,83.8335703,-5.42065612,-0.38,0.19,-1.32,0.16,3,16.2,13.57,
370,83.82638177,-5.41081253,-0.88,0.53,0.5,0.39,4,16.9,14.16,
371,83.83833645,-5.40005593,-0.74,0.16,-1.52,0.42,4,9.3,13.81,
372,83.83874961,-5.37101305,1.14,0.14,-0.24,0.03,3,16.9,14.1,
373,83.83910192,-5.36871824,-0.24,0.16,-0.69,0.21,3,16.9,14.96,
374,83.81254279,-5.36315163,-0.06,0.36,0.86,0.38,4,12.1,14.32,
375,83.81597276,-5.35587999,1.57,0.31,-0.25,0.04,3,16.9,14.82,
376,83.81232568,-5.35021102,0.1,0.16,-2.28,0.24,4,20.1,15.25,
377,83.80597828,-5.35202695,0.88,0.05,-0.94,0.07,4,20.1,13.17,
378,83.83755791,-5.38174646,-0.22,0.17,-0.01,0.07,5,16.9,17.01,
379,83.84024486,-5.363142,0.18,0.19,0.94,0.01,3,16.9,     ,
380,83.83272269,-5.39765952,0.24,0.12,-0.37,0.24,4,16.9,16.45,
381,83.83751836,-5.36452681,0.91,0.5,1.44,0.21,3,16.9,17.64,
382,83.83198786,-5.37616256,-0.63,0.03,-1.55,0.16,3,16.9,16.44,
383,83.82721658,-5.39660238,1.11,0.15,1.21,0.06,5,16.9,17.54,
384,83.83289943,-5.36868507,0.06,0.27,0.07,0.32,3,16.9,16.12,
385,83.82932507,-5.38073175,-0.34,0.31,1.14,0.14,5,16.9,16.1,
386,83.83024677,-5.34722619,0.28,0.12,0.52,0.25,3,16.9,     ,
387,83.82362495,-5.37427042,-0.27,0.02,-0.56,0.42,3,17,17.35,
388,83.82323228,-5.37438913,0.11,0.03,-0.55,0.36,3,17,16.78,
389,83.82624183,-5.35776178,-0.31,0.16,-2.2,0.16,3,16.9,17.86,
390,83.82519973,-5.36141216,0.18,0.12,1.38,0.07,4,20.1,16.44,
391,83.81897187,-5.38157942,1.64,0.02,0.59,0.65,3,17,17.11,
392,83.81914365,-5.38065464,-1.36,0.56,-1.58,0.23,5,17,17.88,
393,83.82134756,-5.36996321,0.88,0.25,-2.35,0.34,4,20.1,16.48,
394,83.8167046,-5.36473247,0.18,0.14,1.11,0.08,3,16.9,16.64,
395,83.81796632,-5.34967746,-0.67,0.11,0.03,0.51,3,17,16.56,
396,83.8122078,-5.37250598,0.02,0.59,0.33,0.03,3,17,17.12,
397,83.8171536,-5.3424417,0.16,0.05,0.43,0.66,3,16.9,18.37,
398,83.8143467,-5.34484291,-1.83,0.97,-14.88,6.81,3,16.9,     ,2
399,83.81333811,-5.34759925,0.55,0.17,1.91,0.11,4,20.1,16.3,
400,83.85530821,-5.40182898,0.34,0.16,-0.44,0.09,4,16.2,17.18,
401,83.84160855,-5.41481592,-0.24,0.11,-0.24,0.92,3,16.2,17.12,
402,83.84157428,-5.40724978,-0.76,0.6,0.3,0.06,3,16.2,17.05,
403,83.83180627,-5.40876572,-0.03,0.13,-0.76,0.52,3,16.2,16.36,
404,83.81827365,-5.41030706,1.87,0.19,0.27,0.05,3,16.2,13.68,
405,83.8162331,-5.4086471,-0.37,0.25,0.25,0.01,3,16.3,15.73,
406,83.81734884,-5.3863855,-0.24,0.04,-1.82,0.12,3,16.9,18.38,
407,83.80161911,-5.35871317,1.15,0.6,1.63,1.46,3,17,15.88,
408,83.7842977,-5.38131213,-1.01,0.14,-1.88,0.01,5,17,16.7,
409,83.78604728,-5.33957518,1.53,0.08,0.68,0.04,3,17,16.42,
410,83.77646559,-5.36987828,1.12,0.17,0.3,0.18,4,17,17.94,
411,83.77322181,-5.36123917,1.05,0.18,-0.8,0.46,3,17,17.37,
412,83.77062697,-5.36195068,-0.79,0.24,0.71,0.05,3,17,17.85,
413,83.76708029,-5.36941357,-0.78,0.23,-0.83,0.1,5,17,17.21,
414,83.76824745,-5.3564691,0.06,0.64,0.41,0.83,3,17,16.25,
415,83.80803137,-5.40701461,-0.29,0.2,-0.09,0.08,4,16.2,15.33,
416,83.80290883,-5.40735013,0.24,1.88,0.54,0.54,3,16.3,14.35,
417,83.7912578,-5.40290418,0.19,0.31,2.3,0.28,3,16.3,17.18,
418,83.79141047,-5.39970289,0.62,0.86,-1.17,0.04,3,16.3,17.29,
419,83.78761303,-5.39061521,0.51,0.51,0.92,0.9,4,16.3,18.44,
420,83.7754145,-5.40016676,-1.03,0.71,-0.92,0.38,3,16.3,18.39,
421,83.7718453,-5.38973058,0.81,0.43,0.96,0.05,3,16.3,16.25,
422,83.75890074,-5.39916515,0.28,0.15,-1.48,0.55,3,16.3,14.48,
423,83.77107472,-5.41683165,0.45,0.24,0.97,1.49,3,16.3,16.5,
424,83.77938514,-5.41686231,0.57,0.34,-0.32,1.12,3,16.3,16.27,
425,83.78828544,-5.42549129,0.15,0.29,1.19,0.43,3,16.3,18.75,
426,83.79323037,-5.41429781,0.04,0.19,-0.91,0.07,4,17,15.07,
427,83.79644567,-5.41011072,-0.52,0.28,0.56,0.1,3,16.3,17.28,
428,83.81482127,-5.42968735,-0.11,0.07,0.09,0.17,3,16.3,16.87,
429,83.82201529,-5.4291609,0.06,0.49,0.14,0.39,3,16.3,     ,
430,83.82379427,-5.42799657,-0.05,0.2,-0.41,0.47,3,16.3,16.09,
431,83.83199449,-5.41811,0.37,0.47,-1.1,0.27,3,16.2,16.8,
432,83.83387409,-5.43449825,-2.02,0.38,0.95,0.14,4,19.9,14.42,
433,83.84004165,-5.42797154,0.58,0.14,1.99,0.4,4,19.3,16.76,
434,83.84096312,-5.42457373,0.65,0.49,-0.01,0.38,3,16.2,17.16,
435,83.85134259,-5.43244896,-0.14,0.11,-0.96,0.1,3,16.2,17.51,
436,83.85811143,-5.42990138,-0.02,0.08,-0.33,0.06,3,19.9,14.89,
437,83.86099351,-5.43275428,-1.54,2.51,0.65,1.67,3,19.3,17.85,
438,83.86072807,-5.43600017,-0.12,0.56,-0.38,0.38,4,19.3,16.52,
439,83.83871706,-5.42586597,0.85,0.07,0.06,0.46,3,16.2,17.76,
440,83.82471609,-5.41847693,-0.19,0.28,-1.11,0.43,4,17,13.71,
441,83.83404252,-5.38570919,-2.14,0.69,-0.87,0.29,3,6.3,     ,
442,83.82355894,-5.36885564,-1,0.25,-1.94,0.46,4,12.1,13.6,
443,83.79693755,-5.36459014,-29.21,1.95,6.02,6.81,4,17,17.9,2
444,83.82055126,-5.36939635,-1.21,0.24,-0.63,0.54,4,20.1,14.69,
445,83.79075216,-5.40193468,-5.21,0.35,-14.5,0.01,3,16.3,17.34,
446,83.8451532,-5.42989945,0.23,0.19,1.46,0.17,3,14.6,12.75,
447,83.81909906,-5.42160175,0.82,0.04,-1.44,0.12,5,19.9,12.66,
448,83.81527826,-5.41957392,-0.59,0.12,0.84,0.11,5,19.9,12.57,
449,83.85505833,-5.41592051,-0.72,0.55,-0.27,0.02,3,9.4,14.73,
450,83.85371028,-5.41951222,-0.34,0.25,-0.39,0.2,3,14.6,12.7,
451,83.82063356,-5.42974894,0.31,0.04,-0.91,0.06,3,14.6,12.31,
452,83.81819085,-5.41935328,0.65,0.09,1.59,0.27,3,19.9,11.67,
453,83.82480553,-5.42612588,0.5,0.04,1.11,2.8,3,14.6,12.28,
454,83.82221662,-5.39483439,1.99,1.8,-0.9,0.31,5,11.9,13.42,
455,83.80452538,-5.38142838,0.18,0.4,1.81,0.14,5,11.9,14.2,
456,83.86038732,-5.39583568,-2.12,0.14,-0.31,0.2,4,11,13.61,
457,83.82405507,-5.39517212,-0.03,0.04,-0.55,0.04,5,11,13.63,
458,83.82256532,-5.39496182,-0.58,0.04,-2.85,0.03,4,11,15.43,
459,83.82488257,-5.39316043,1.82,0.59,3.4,1.35,4,11.9,12.75,4
460,83.84947888,-5.39279303,0.63,0.04,-0.34,0.52,3,11,     ,
461,83.84725563,-5.38909832,0.95,0.65,0.79,0.12,4,11,17.19,
462,83.84393371,-5.39854983,0.78,0.01,0.01,0.01,4,11,17.19,
463,83.8333298,-5.39134078,0.79,0.39,0.48,0.33,3,11,17.92,
464,83.83127244,-5.39437452,-0.43,1.06,2.57,0.35,4,11,17.88,
465,83.82392157,-5.39475482,-1.43,0.18,0.42,0.03,4,11,16.36,
466,83.82037588,-5.39391028,-0.75,0.41,-0.5,0.15,5,13.8,17.45,
467,83.81482632,-5.38838765,1.63,0.21,-0.29,0.27,4,11,19.25,
468,83.81484237,-5.37226253,-1.33,0.16,-0.31,0.13,4,11,16.79,
469,83.81061034,-5.38096612,-0.57,0.13,-0.47,0.1,4,11,17.35,
470,83.8111806,-5.37725389,-1.08,0.09,0.14,0.1,6,11,16.5,
471,83.81131286,-5.37650688,0.03,0.15,-0.2,0.12,6,11,16.2,
472,83.80965915,-5.37579621,0.65,0.15,1.15,0.11,4,11,17.45,
473,83.80522257,-5.38965194,-0.53,0.22,1.32,0.25,3,11,16.85,
474,83.8085712,-5.36823579,-1.05,0.5,-0.19,0.3,4,11,16.24,
475,83.87900153,-5.40064561,-0.15,0.2,0.69,0.17,3,10.3,16.54,
476,83.86684069,-5.38845265,0.17,0.1,0.78,0.16,4,11,17.06,
477,83.86401459,-5.39598259,-0.07,0.27,1.32,0.14,4,11,17.52,
478,83.82487083,-5.3981966,0.59,0.07,1.4,0.25,3,10.3,16.82,
479,83.80520793,-5.34497969,-0.74,0.35,1.02,0.43,3,20.1,17.91,
480,83.7837872,-5.37706059,0.39,0.08,0.95,0.1,4,11,17.59,
481,83.76932882,-5.3791324,0.88,0.05,2.62,0.24,4,11,17.65,
482,83.76848162,-5.37204971,0,0.02,-1.78,1.38,3,11,16.68,
483,83.75534717,-5.38494058,-0.05,0.05,2.14,0.21,3,10.3,16.77,
484,83.7871957,-5.37499147,-0.68,0.33,-1.33,0.23,4,11,17.65,
485,83.76937116,-5.38821809,0.18,0.42,0.72,0.19,3,10.3,18.18,
486,83.82337718,-5.36494729,-1.94,3.34,-0.08,0.14,3,20.1,13.34,
487,83.8436095,-5.43636987,1.35,0.02,2.31,0.02,3,19.3,14.6,
488,83.80052014,-5.40938429,-1.15,0.47,1.93,0.7,4,13.1,     ,
489,83.79560761,-5.41352341,2.04,0.72,1.94,0.31,3,10.6,11.16,
490,83.80395811,-5.41608922,0.14,0.52,0.13,0.09,4,11.8,13.96,
491,83.78572075,-5.41118366,-0.73,0.92,-0.11,0.42,3,10.6,14.49,
492,83.84806741,-5.41510122,-0.48,0.34,-0.19,0.27,3,10.5,14.93,
493,83.82142111,-5.41080664,-0.49,0.2,0.89,0.04,3,10.6,15.14,
494,83.82537633,-5.37975199,-0.58,0.02,0.21,0.13,3,10.5,15.88,
495,83.86837227,-5.4107333,-0.52,0.04,0.32,0.11,3,19.3,15.36,
496,83.85708882,-5.40798032,0.28,0.04,1.36,0.16,3,19.3,17.45,
497,83.82310571,-5.39862655,-0.55,0.28,0.24,0.22,3,19.2,16.48,
498,83.77943452,-5.38514341,0,0.06,-0.04,0.26,3,10.6,19.72,
499,83.85639388,-5.4199556,0.1,0.09,-1.42,0.04,3,19.3,17.06,
500,83.84404645,-5.4340279,-2.93,0.45,-15.24,0.13,3,19.3,16.97,
501,83.82423401,-5.41139315,0.45,0.37,0.08,0.4,3,13.8,13.98,
502,83.81123019,-5.37230973,0.77,0.23,-0.63,0.42,3,5,16.86,
503,83.80461812,-5.37974343,-5.38,0.78,6.41,0.68,3,8,15.25,1
504,83.85473016,-5.37366161,-0.02,0.22,-0.32,0.28,2,10.5,13.29,
505,83.82237243,-5.33744906,-0.71,0.16,-0.31,0.12,2,14.1,12.23,
506,83.82696596,-5.40194193,-0.17,0.42,0.43,0.17,2,7.5,11.62,
507,83.80855845,-5.39401512,0.07,0.12,0.44,0.01,2,14,10.31,
508,83.85183232,-5.41107454,0.85,0.07,-1.81,0.17,2,14,9.97,
509,83.84857005,-5.39619552,0.14,0.08,1.02,0.1,2,10.4,12.15,
510,83.83886774,-5.40318599,-0.83,0.12,1.01,0.11,2,14,12.4,
511,83.74663306,-5.38552225,0.66,1.12,-1.12,0.18,2,9.9,12.97,
512,83.83595281,-5.41290899,0.09,0.26,-0.25,0.03,2,14,11.22,
513,83.83127248,-5.35126081,-0.24,0.25,1.8,0.15,2,10.4,13.13,
514,83.71948876,-5.35700096,-0.37,0.28,1.24,0.1,2,10.4,13.56,
515,83.72548858,-5.37405858,0.66,0.09,-1.83,0.09,2,10.4,13.58,
516,83.72455897,-5.37242146,1.32,0.09,-0.63,0.06,2,10.4,13.87,
517,83.81695671,-5.34339868,0.55,0.25,1.44,0.24,2,14.1,10.27,
518,83.77826576,-5.3386119,0.12,0.27,-0.2,0.13,2,10.4,14.41,
519,83.79300736,-5.3536153,1.14,0.07,-0.36,0.12,2,10.5,11.43,
520,83.79040127,-5.35691153,0.53,0.05,1.2,0.1,2,10.5,12.57,
521,83.80998914,-5.39268064,-0.11,0.23,-1.65,0.03,2,14,10.13,
522,83.82058862,-5.34993993,-0.56,0.08,-0.11,0.13,2,10.5,12.89,
523,83.75509048,-5.36235301,-0.56,0.33,-1.52,0.43,2,10.4,13.29,
524,83.75834842,-5.34865433,0.08,0.17,-0.04,0.49,2,10.4,12.85,
525,83.80328209,-5.34417341,0.88,0.62,-0.38,0.1,2,14.6,13.45,
526,83.80113509,-5.3458657,1.26,0.34,0.46,0.36,2,10.5,11.85,
527,83.84923126,-5.40465804,0.86,0.16,1.24,0.22,2,10,13.01,
528,83.85043831,-5.35908646,-0.08,0.32,-0.12,0.41,2,10.5,12.54,
529,83.82178842,-5.34103105,-0.22,0.09,-0.27,0.12,2,14.1,11.65,
530,83.83527018,-5.39161182,-0.81,0.12,0.14,0.06,2,14,10.89,
531,83.824367,-5.34834046,-0.65,0.14,1.02,0.15,2,14.1,10.45,
532,83.82317553,-5.38243931,0.65,0.23,0.35,0.04,2,14,9.96,
533,83.82857413,-5.36143385,0.35,0.07,2.47,0.21,2,14.1,11.23,
534,83.73722624,-5.36841916,-0.26,0.09,-0.54,0.2,2,10.4,13.03,
535,83.84673561,-5.35995295,-1.26,0.21,-1.92,0.2,2,10.5,12.95,
536,83.83903225,-5.39594921,0.12,0.14,0.67,0.27,2,14,11.46,
537,83.75999962,-5.34688672,1.66,0.14,0.4,0.38,2,10.4,13.35,
538,83.87915679,-5.36704884,-1.19,0.08,-1.41,0.36,2,10.5,12.67,
539,83.83389811,-5.35934273,-0.37,0.19,-1.06,0.14,2,14.1,10.5,
540,83.82899971,-5.35215886,-1.37,0.32,0,0.1,2,10.5,11.35,
541,83.73755266,-5.3833469,0.27,0.65,1.64,1.44,2,9.9,13.09,
542,83.77031253,-5.349311,0.25,0.15,-0.23,0.25,2,10.4,13.17,
543,83.81555465,-5.38958255,0.62,0.34,-0.07,0.05,2,7.4,9.96,
544,83.75559461,-5.33949552,1.15,0.22,0,0.17,2,10.4,11.71,
545,83.82638912,-5.40134601,-0.55,0.22,0.1,0.51,2,7.5,13.24,
546,83.79658116,-5.32660553,-0.11,0.06,-0.48,0.12,2,16.4,12.7,
547,83.83267424,-5.41330182,-0.1,0.21,1.99,0.05,2,10,12.61,
548,83.87812696,-5.36297759,0.15,0.43,1.1,0.53,2,10.5,13.45,
549,83.82897648,-5.34783304,1.72,0.29,-0.99,0.15,2,10.4,12.75,
550,83.79290246,-5.33229813,-1.68,0.11,1.67,0.1,2,16.4,12.75,
551,83.84571488,-5.37821097,-0.59,0.13,2.26,0.07,2,10.4,11.99,
552,83.79340791,-5.3312119,0.82,0.12,-1.53,0.17,2,16.4,12.61,
553,83.78712706,-5.32588219,1.29,0.18,0.86,0.15,2,16.4,13.94,
554,83.80433836,-5.34172538,-1.3,0.19,1.12,0.31,2,10.5,11.84,
555,83.74326619,-5.35462455,-0.53,0.12,2.19,0.23,2,10.4,12.83,
556,83.84724199,-5.35705334,1.51,0.23,-0.34,0.22,2,10.5,12.28,
557,83.7673455,-5.33772189,-1.12,0.21,-0.65,0.19,2,10.4,13.24,
558,83.84355641,-5.36697,0.03,0.09,-1.2,0.11,2,14.1,11.52,
559,83.83172513,-5.39926153,0.41,0.52,-0.83,0.18,2,14,12.46,
560,83.82075236,-5.38359708,0.78,0.13,1.15,0.04,2,14,10.2,
561,83.8247751,-5.34702,2.65,0.3,-1.49,0.12,2,10.5,13.7,
562,83.81365086,-5.34137864,-1.03,0.16,0.78,0.16,2,10.5,13.8,
563,83.83683657,-5.3583553,0.29,0.23,-0.24,0.17,2,10.5,11.94,
564,83.77140242,-5.34011868,-0.38,0.46,-0.42,0.18,2,10.4,12.04,
565,83.85451191,-5.39826443,-0.1,0.21,0.56,0.15,2,14,12.04,
566,83.84302921,-5.40396396,-1.21,0.16,-1.24,0.13,2,14,11.4,
567,83.81247376,-5.36664137,2.25,0.09,0.96,0.11,2,14,10.37,
568,83.78311883,-5.35477591,0.07,0.05,1,0.17,2,10.4,13.23,
569,83.81107491,-5.34508323,-0.14,0.1,-2.13,0.2,2,10.5,11.23,
570,83.83981735,-5.35155667,-1.22,0.27,-2.57,0.2,2,10.5,12.95,
571,83.85620097,-5.3598771,-0.15,0.63,-1.62,1.1,2,10.5,12.05,
572,83.76015296,-5.3462438,-23.99,0.15,18.72,0.07,2,10.4,11.64,3
573,83.83191994,-5.40739485,0.33,0.34,-0.29,0.09,2,14,10.74,
574,83.81987493,-5.39113557,1.38,0.2,-2.9,0.1,2,14,12.49,
575,83.81655138,-5.38964369,-0.38,0.02,-0.68,0.34,2,16.3,14.78,
576,83.81711513,-5.38726948,0.97,0.32,3.02,0.2,2,7.4,12.39,
577,83.81587293,-5.38664726,2.98,0.08,1.9,0.23,2,7.4,12.81,
578,83.81612592,-5.3863338,0.5,0.13,0.69,0.17,2,16.3,13.33,
579,83.82071441,-5.38014257,-1.98,0.32,1.35,0.22,2,7.4,13.11,
580,83.83398878,-5.3745205,0.28,0.13,0.55,0.16,2,16.3,13.6,
581,83.83111465,-5.37269206,0.35,0.22,-0.75,0.29,2,10.4,13.91,
582,83.88121425,-5.36015494,-0.24,0.11,-0.47,0.6,2,10.5,14.78,
583,83.87754587,-5.36087558,0.17,0.1,-1.34,0.51,2,10.5,15.47,
584,83.82975455,-5.34330247,0.92,0.8,-0.69,0.3,2,5.9,13.4,
585,83.78083538,-5.43004773,-0.16,0.06,0.27,0.05,2,17,13.05,
586,83.81425277,-5.43321942,0.03,0.58,0.73,0.72,2,17,13.79,
587,83.74282128,-5.42590972,0.22,0.06,0.08,0.03,2,17,12.39,
588,83.7727619,-5.43219808,-0.01,0.03,-1.03,0.04,2,17,13.92,
589,83.76435409,-5.39245056,0.3,0.58,0.18,0.11,2,6.4,14.11,
590,83.83223965,-5.34152679,-0.84,0.08,-0.67,0.17,2,16.9,14.51,
591,83.75659876,-5.42610805,-0.25,0.06,0.52,0.04,2,17,13.56,
592,83.83411438,-5.34016677,-0.2,0.06,0.59,0.3,2,16.9,14.13,
593,83.86733834,-5.35966579,-0.27,0.78,-1.6,0.12,2,5.9,14.42,
594,83.79518747,-5.43248552,0.58,0.3,2.74,0.45,2,17,13.36,
595,83.79366216,-5.43343424,-0.59,0.35,-0.2,0.52,2,17,13.18,
596,83.842322,-5.37039887,0.02,0.54,-1.01,0.19,2,5.9,14.68,
597,83.79863762,-5.43575707,-0.32,0.54,-0.86,0.66,2,17,12.91,
598,83.79735687,-5.36514858,-0.24,0.53,-33.83,1.41,2,6,     ,2
599,83.84215207,-5.4056258,-0.28,0.55,0.78,0.86,2,6.3,13.55,
600,83.84348037,-5.40373872,-1.5,0.68,2.05,0.76,2,6.3,14.45,
601,83.78461969,-5.32701593,-0.35,0.05,0.28,0.06,2,16.4,15.98,
602,83.79232525,-5.32547828,-0.74,0.07,0.22,0.15,2,16.4,14.59,
603,83.81417067,-5.36095123,-0.11,0.25,0.68,0.19,2,16.9,14.94,
604,83.86388738,-5.35992523,1.39,0.07,0.55,0.17,2,16.9,15.25,
605,83.81836063,-5.38648012,0.75,0.22,2.24,0.17,2,16.3,16.71,
606,83.79082388,-5.43060251,0.58,0.29,-0.62,0.13,2,16.3,14.83,
607,83.81468376,-5.43321349,0.37,0.45,0.26,0.1,2,16.3,17.52,
608,83.79484948,-5.43335189,0.02,0.06,-0.4,0.1,2,17,15.03,
609,83.81575786,-5.40685653,2.36,0.39,0.2,0.43,2,6.3,13.02,
610,83.81447423,-5.34423416,-19.22,0.26,3.9,0.17,2,16.9,17.98,2
611,83.79806633,-5.36536893,-17.89,0.67,29.69,0.83,2,6,19.49,2
612,83.83818007,-5.43251076,1.04,0.26,-0.11,0.16,2,14.6,11.57,
613,83.81746034,-5.41568226,0.21,0.13,-0.19,0.13,2,14.6,12.28,
614,83.84860582,-5.44086963,1.61,0.23,-1.44,0.21,2,14.6,12.25,
615,83.81668513,-5.3980545,2.8,0.06,-1.56,0.08,2,6.5,10.3,
616,83.81533522,-5.4258873,0.09,0.2,-0.74,0.11,2,14.6,11.38,
617,83.84056141,-5.4456715,1.05,0.06,1.38,0.03,2,14.6,12.72,
618,83.82312758,-5.42856568,-1,0.15,-0.39,0.17,2,14.6,11.9,
619,83.82237584,-5.42910244,0.93,0.1,0.24,0.1,2,14.6,11.21,
620,83.81755657,-5.41558653,-2.67,0.54,-1.47,0.49,2,5.2,     ,
621,83.82598692,-5.42645888,12.93,0.05,-6.77,0.11,2,14.6,13.06,
622,83.84268253,-5.37149966,0.29,0.16,-0.73,0.06,2,11,13.94,
623,83.84659775,-5.37454708,-0.28,0.19,-0.09,0.21,2,11,13.42,
624,83.88832849,-5.40130773,-0.46,0.28,-0.86,0.38,2,10.3,17.3,
625,83.79987943,-5.34250786,0.94,0.16,1.95,0.27,2,4.1,10.14,
626,83.79736014,-5.36498332,0.07,0.07,2.37,0.55,2,11,15.99,
627,83.78967818,-5.36336371,-1.07,0.15,2.83,0.4,2,11,15.72,
628,83.78221628,-5.35754834,0.51,0.13,0.72,0.04,2,11,15.16,
629,83.78224023,-5.35041857,-0.56,0.16,-1.3,0.13,2,11,13.73,
630,83.83756598,-5.37301794,0.91,0.16,-2.02,0.08,2,11,14.03,
631,83.79958791,-5.35086344,0.5,0.04,-1.08,0.1,2,11,12.31,
632,83.86939953,-5.37371182,0.77,0.16,0.62,0.2,2,11,15.05,
633,83.87405915,-5.36902268,-0.9,0.32,-1.15,0.44,2,11,15.89,
634,83.86932795,-5.36499979,-0.16,0.28,-1.14,0.28,2,11,15.26,
635,83.85050588,-5.37121136,-1.13,0.09,-0.85,0.26,2,11,16.54,
636,83.84732786,-5.35100926,-0.25,0.12,-1.42,0.41,2,11,17.41,
637,83.8448656,-5.35848649,-0.19,0.11,1.19,0.17,2,11,17.8,
638,83.83867101,-5.36918432,-0.34,0.14,0.71,0.06,2,11,18.56,
639,83.8359914,-5.37810983,-1.12,0.21,1.69,0.25,2,11,17.22,
640,83.82509437,-5.37169803,0.19,0.06,-0.13,0.43,2,11,17.65,
641,83.82622672,-5.36372355,0.22,0.08,0.06,0.19,2,11,17.49,
642,83.81782093,-5.36957376,-0.69,0.11,0.48,0.33,2,11,     ,
643,83.80688899,-5.36985517,1.79,0.18,1.17,0.22,2,11,17.79,
644,83.80677428,-5.35146746,-1.16,0.15,-0.4,0.14,2,11,17.99,
645,83.80444903,-5.34607724,-0.27,0.17,-0.96,0.38,2,11,18.26,
646,83.78466857,-5.35066456,0.24,0.17,-0.02,0.12,2,11,17.43,
647,83.78355529,-5.35491485,0.08,0.15,0.44,0.03,2,11,16.5,
648,83.76588442,-5.35321159,-0.04,0.33,-0.97,0.13,2,11,17.57,
649,83.77584691,-5.35997403,1.22,0.17,-0.07,0.24,2,11,17.57,
650,83.75567946,-5.40370576,0.13,0.23,-0.84,0.2,2,9.9,15.51,
651,83.72732748,-5.38388391,0.17,0.15,0.74,0.56,2,9.9,14.98,
652,83.84360777,-5.42922729,-2.23,0.31,-1.26,0.45,2,10.6,12.76,
653,83.87787906,-5.41977086,-1.21,1.51,0.81,1.06,2,10.5,13.38,
654,83.87799875,-5.40867367,-2.04,1.86,1.68,1.63,2,10.5,12.85,
655,83.75671803,-5.40282555,1.21,0.29,0.25,0.27,2,10.6,13,
656,83.77373618,-5.41783776,-1.38,0.27,-0.16,0.11,2,10.6,11.97,
657,83.76922564,-5.41180221,0.12,0.1,-0.86,0.08,2,10.6,12.39,
658,83.72158708,-5.40025438,-1.44,1.17,-1.48,1.14,2,9.9,15.1,
659,83.77273243,-5.37514753,0.81,0.21,-1.09,0.11,2,9.9,14.17,
660,83.75408923,-5.40296732,1.07,0.12,-0.57,0.18,2,10.6,12.18,
661,83.87286621,-5.4270232,-0.51,0.22,1.25,0.18,2,10.5,14,
662,83.78211809,-5.41467557,0.04,0.39,-0.79,0.15,2,10.6,13.78,
663,83.75436264,-5.40284159,0.16,0.07,-0.62,0.14,2,10.6,11.91,
664,83.82478178,-5.42256789,0.27,0.16,-1.22,0.19,2,10.6,12.61,
665,83.83708622,-5.42623899,-0.58,0.16,-0.73,0.34,2,10.6,14.44,
666,83.84648399,-5.4173048,0.07,0.2,-1.41,1.13,2,9.9,16.04,
667,83.84680567,-5.41468718,-0.87,0.16,1.62,0.22,2,9.9,15.9,
668,83.81868326,-5.3765088,0.98,0.33,3.01,0.19,2,10.6,     ,3
669,83.85305192,-5.41069876,-0.31,0.34,1.14,0.35,2,9.9,17.58,
670,83.8318942,-5.41172166,0.2,0.04,0.42,0.05,2,9.9,17.26,
671,83.82134881,-5.40955345,0.09,0.4,-0.42,0.76,2,9.9,17.09,
672,83.82077288,-5.40847662,1.14,0.18,-0.04,0.22,2,9.9,20.34,
673,83.82068227,-5.3998875,0.46,0.06,-0.64,0.09,2,9.9,16.26,
674,83.81478232,-5.4125886,-0.98,0.74,-1.51,0.21,2,9.9,19.11,
675,83.81354607,-5.39714644,-0.6,0.13,0.65,0.11,2,9.9,16.5,
676,83.80689124,-5.39687791,-1.08,0.26,0.31,0.33,2,9.9,19.42,
677,83.80537699,-5.40162125,-0.77,0.24,-0.15,0.42,2,9.9,19.91,
678,83.79044325,-5.39885173,-2.33,0.23,1.8,0.17,2,9.9,     ,
679,83.78424832,-5.40093942,1.14,0.13,1.47,0.22,2,9.9,     ,
680,83.77092712,-5.41697032,0.65,0.14,-0.35,0.13,2,9.9,15.99,
681,83.79176268,-5.41704875,-0.04,0.16,-0.6,0.14,2,9.9,16.92,
682,83.7959561,-5.41340074,-0.24,0.15,-0.56,0.17,2,9.9,17.95,
683,83.8046926,-5.4146963,-0.28,0.25,1.73,0.14,2,9.9,14.65,
684,83.75101641,-5.40219764,-0.11,0.39,1.33,0.38,2,9.9,16.97,
685,83.75575362,-5.40374078,0.26,0.29,-0.65,0.33,2,9.9,     ,
686,83.82634522,-5.41742267,0.99,0.21,-0.56,0.18,2,9.9,17.78,
687,83.84216347,-5.41878693,-1.98,0.21,-0.18,0.22,2,9.9,16.36,
688,83.84713535,-5.41828428,0.77,0.36,-0.17,0.23,2,9.9,17.81,
689,83.84594168,-5.42673958,-0.23,0.46,-0.41,0.26,2,9.9,14.86,
690,83.85105708,-5.42205071,1.6,0.15,0.26,0.2,2,9.9,     ,
691,83.86405218,-5.42273059,0.13,0.27,0.48,0.41,2,9.9,18.19,
692,83.71522138,-5.37773089,1.7,1.58,2.51,2.19,2,9.9,16.26,
693,83.87365823,-5.44068621,-0.93,1.21,0.74,0.18,2,9.9,16.58,
694,83.84832274,-5.4240301,-7.25,0.26,1.09,0.72,2,10.5,12.81,4
695,83.80671534,-5.40715506,-1.29,0.11,-2.05,0.1,2,8,12.26,
696,83.808529,-5.43058403,0.46,0.09,-1.27,0.04,2,8.1,12.51,
697,83.83635598,-5.43775053,-1.16,0.07,-1.76,0.02,2,19.9,13.53,
698,83.81023863,-5.41726255,-0.01,0.14,0.01,0.01,2,8.1,12.17,
699,83.83481445,-5.43817873,0.3,0.1,-0.07,0.01,2,19.9,14.26,
700,83.81215668,-5.37755875,1.68,0.6,0.05,0.94,2,4.1,10.04,
701,83.80958693,-5.36789141,-0.08,0.12,1.47,0.17,2,5,     ,
702,83.81133678,-5.37485896,0.79,1.02,1.54,0.77,2,4.1,17.47,
703,83.80982703,-5.37575633,1.87,0.95,0.91,0.68,2,4.1,17.21,
704,83.8073931,-5.37149744,0.08,1.27,1.28,2.23,2,4.1,17,
705,83.81397645,-5.37402222,-0.35,1.59,-2.08,1.75,2,4.1,     ,
706,83.80917871,-5.37026792,-0.3,0.43,-0.4,2.27,2,4.1,18.8,
707,83.81190079,-5.37892517,2.41,1.75,-4.19,2.29,2,4.1,17.93,6
708,83.8128824,-5.37542074,-0.87,2.01,-3.24,0.84,2,4.1,     ,
709,83.81042353,-5.37741802,1.64,1.97,-2.54,0.62,2,4.1,     ,
710,83.80988925,-5.37213108,-0.88,3.98,3.67,1.74,2,4.1,     ,
711,83.81137927,-5.37495203,-0.7,0.97,0.42,0.73,2,4.1,     ,
712,83.81344516,-5.37693818,26.83,1.54,-18.43,1.46,2,4.1,15.09,
713,83.8087788,-5.37295852,-7.23,2.71,12.25,1.89,2,4.1,13.25,
714,83.82582004,-5.39209285,-0.22,0.25,-0.69,0.37,2,7.3,14.3,
715,83.81398606,-5.38927352,0.08,0.17,-0.91,0.18,2,11.8,17.03,
